:02000002B0004C
:1040000000400B007A790C00000006001900050240
:084010000401A11800000000EA
:04401800A4500C00A4
:1040200081F0004102E000BF83F0004330B54FEA69
:1040300041044FEA430594EA050F08BF90EA020FD6
:104040001FBF54EA000C55EA020C7FEA645C7FEA69
:10405000655C00F0E2804FEA5454D4EB5555B8BF8C
:104060006D420CDD2C4480EA020281EA030382EAFD
:10407000000083EA010180EA020281EA0303362D8F
:1040800088BF30BD11F0004F4FEA01314FF4801C62
:104090004CEA113102D0404261EB410113F0004F74
:1040A0004FEA03334CEA133302D0524263EB43032B
:1040B00094EA050F00F0A780A4F10104D5F1200EC9
:1040C0000DDB02FA0EFC22FA05F2801841F1000124
:1040D00003FA0EF2801843FA05F359410EE0A5F1F8
:1040E00020050EF1200E012A03FA0EFC28BF4CF029
:1040F000020C43FA05F3C01851EBE37101F00045DF
:1041000007D54FF0000EDCF1000C7EEB00006EEBEB
:104110000101B1F5801F1BD3B1F5001F0CD3490875
:104120005FEA30004FEA3C0C04F101044FEA4452CC
:1041300012F5800F80F09A80BCF1004F08BF5FEA53
:10414000500C50F1000041EB045141EA050130BD33
:104150005FEA4C0C404141EB0101013C28BFB1F545
:10416000801FE9D291F0000F04BF01460020B1FA90
:1041700081F308BF2033A3F10B03B3F120020CDA63
:104180000C3208DD02F1140CC2F10C0201FA0CF041
:1041900021FA02F10CE002F11402D8BFC2F1200CA6
:1041A00001FA02F120FA0CFCDCBF41EA0C0190405C
:1041B000E41AA2BF01EB0451294330BD6FEA0404A5
:1041C0001F3C1CDA0C340EDC04F11404C4F1200290
:1041D00020FA04F001FA02F340EA030021FA04F3A2
:1041E00045EA030130BDC4F10C04C4F1200220FAF9
:1041F00002F001FA04F340EA0300294630BD21FA37
:1042000004F0294630BD94F0000F83F4801306BFFC
:1042100081F480110134013D4EE77FEA645C18BFF0
:104220007FEA655C29D094EA050F08BF90EA020F87
:1042300005D054EA000C04BF1946104630BD91EA7F
:10424000030F1EBF0021002030BD5FEA545C05D182
:104250004000494128BF41F0004130BD14F58004C1
:104260003CBF01F5801130BD01F0004545F0FE4135
:1042700041F470014FF0000030BD7FEA645C1ABF6A
:10428000194610467FEA655C1CBF0B46024650EAA1
:10429000013406BF52EA033591EA030F41F40021CD
:1042A00030BD00BF90F0000F04BF0021704730B553
:1042B0004FF4806404F132044FF000054FF0000128
:1042C00050E700BF90F0000F04BF0021704730B5E9
:1042D0004FF4806404F1320410F0004548BF4042BE
:1042E0004FF000013EE700BF42004FEAE2014FEA13
:1042F00031014FEA02701FBF12F07F4393F07F4FEE
:1043000081F06051704732F07F4208BF704793F0F0
:104310007F4F04BF41F40021704730B54FF4607403
:1043200001F0004521F000411CE700BF50EA010206
:1043300008BF704730B54FF000050AE050EA0102AF
:1043400008BF704730B511F0004502D5404261EB1F
:1043500041014FF4806404F132045FEA915C3FF460
:10436000D8AE4FF003025FEADC0C18BF03325FEAFD
:10437000DC0C18BF033202EBDC02C2F1200300FAAE
:1043800003FC20FA02F001FA03FE40EA0E0021FAD3
:1043900002F11444BDE600BF70B54FF0FF0C4CF4C1
:1043A000E06C1CEA11541DBF1CEA135594EA0C0F73
:1043B00095EA0C0F00F0DEF82C4481EA030621EAAE
:1043C0004C5123EA4C5350EA013518BF52EA0335E9
:1043D00041F4801143F4801338D0A0FB02CE4FF09B
:1043E0000005E1FB02E506F00042E0FB03E54FF0CB
:1043F0000006E1FB03569CF0000F18BF4EF0010EC3
:10440000A4F1FF04B6F5007F64F5407404D25FEABE
:104410004E0E6D4146EB060642EAC62141EA555171
:104420004FEAC52040EA5E504FEACE2EB4F1FD0CB3
:1044300088BFBCF5E06F1ED8BEF1004F08BF5FEA31
:10444000500E50F1000041EB045170BD06F00046E3
:1044500046EA010140EA020081EA0301B4EB5C0490
:10446000C2BFD4EB0C0541EA045170BD41F4801188
:104470004FF0000E013C00F3AB8014F1360FDEBFAD
:10448000002001F0004170BDC4F10004203C35DA89
:104490000C341BDC04F11404C4F1200500FA05F30C
:1044A00020FA04F001FA05F240EA020001F00042AD
:1044B00021F0004110EBD37021FA04F642EB060123
:1044C0005EEA430E08BF20EAD37070BDC4F10C044D
:1044D000C4F1200500FA04F320FA05F001FA04F211
:1044E00040EA020001F0004110EBD37041F10001FD
:1044F0005EEA430E08BF20EAD37070BDC4F1200508
:1045000000FA05F24EEA020E20FA04F301FA05F26F
:1045100043EA020321FA04F001F0004121FA04F217
:1045200020EA020000EBD3705EEA430E08BF20EAE7
:10453000D37070BD94F0000F0FD101F00046400021
:1045400041EB010111F4801F08BF013CF7D041EAA3
:10455000060195F0000F18BF704703F000465200A7
:1045600043EB030313F4801F08BF013DF7D043EA78
:104570000603704794EA0C0F0CEA135518BF95EA2E
:104580000C0F0CD050EA410618BF52EA4306D1D1B5
:1045900081EA030101F000414FF0000070BD50EAD4
:1045A000410606BF1046194652EA430619D094EA5E
:1045B0000C0F02D150EA013613D195EA0C0F05D148
:1045C00052EA03361CBF104619460AD181EA03019C
:1045D00001F0004141F0FE4141F470014FF0000054
:1045E00070BD41F0FE4141F4780170BD70B54FF0EF
:1045F000FF0C4CF4E06C1CEA11541DBF1CEA13556F
:1046000094EA0C0F95EA0C0F00F0A7F8A4EB050450
:1046100081EA030E52EA03354FEA013100F0888047
:104620004FEA03334FF0805545EA131343EA126310
:104630004FEA022245EA111545EA10654FEA0026C5
:104640000EF000419D4208BF964244F1FD0404F57E
:10465000407402D25B084FEA3202B61A65EB0305DA
:104660005B084FEA32024FF480104FF4002CB6EB97
:10467000020E75EB030E22BFB61A754640EA0C0017
:104680005B084FEA3202B6EB020E75EB030E22BF57
:10469000B61A754640EA5C005B084FEA3202B6EB98
:1046A000020E75EB030E22BFB61A754640EA9C0057
:1046B0005B084FEA3202B6EB020E75EB030E22BF27
:1046C000B61A754640EADC0055EA060E18D04FEAE5
:1046D000051545EA16754FEA06164FEAC30343EA85
:1046E00052734FEAC2025FEA1C1CC0D111F4801F52
:1046F0000BD141EA00014FF000004FF0004CB6E74B
:1047000011F4801F04BF01430020B4F1FD0C88BFE9
:10471000BCF5E06F3FF6AFAEB5EB030C04BFB6EBF4
:10472000020C5FEA500C50F1000041EB045170BDE7
:104730000EF0004E4EEA113114EB5C04C2BFD4EB14
:104740000C0541EA045170BD41F480114FF0000E98
:10475000013C90E645EA060E8DE60CEA135594EA14
:104760000C0F08BF95EA0C0F3FF43BAF94EA0C0F17
:104770000AD150EA01347FF434AF95EA0C0F7FF48C
:1047800025AF104619462CE795EA0C0F06D152EAE0
:1047900003353FF4FDAE1046194622E750EA4106C4
:1047A00018BF52EA43067FF4C5AE50EA41047FF4D5
:1047B0000DAF52EA43057FF4EBAE12E74FF0FF3C3A
:1047C00006E000BF4FF0010C02E000BF4FF0010C0B
:1047D0004DF804CD4FEA410C7FEA6C5C4FEA430C84
:1047E00018BF7FEA6C5C1BD001B050EA410C0CBFD3
:1047F00052EA430C91EA030F02BF90EA020F002035
:10480000704710F1000F91EA030F58BF994208BF9B
:1048100090422CBFD8176FEAE37040F00100704758
:104820004FEA410C7FEA6C5C02D150EA013C07D1AF
:104830004FEA430C7FEA6C5CD6D152EA033CD3D0FA
:104840005DF8040B704700BF8446104662468C46F4
:104850001946634600E000BF01B5FFF7B7FF002827
:1048600048BF10F1000F01BD4DF808EDFFF7F4FF50
:104870000CBF012000205DF808FB00BF4DF808EDDB
:10488000FFF7EAFF34BF012000205DF808FB00BFFE
:104890004DF808EDFFF7E0FF94BF012000205DF820
:1048A00008FB00BF4DF808EDFFF7CEFF94BF0120D5
:1048B00000205DF808FB00BF4DF808EDFFF7C4FFCE
:1048C00034BF012000205DF808FB00BF4FEA410C17
:1048D0007FEA6C5C02D150EA013C0AD14FEA430CFA
:1048E0007FEA6C5C02D152EA033C02D14FF0000037
:1048F00070474FF0010070474FEA410212F5001275
:1049000015D211D56FF47873B3EB625212D94FEA16
:10491000C12343F0004343EA505311F0004F23FA00
:1049200002F018BF404270474FF00000704750EA55
:10493000013005D111F0004008BF6FF00040704712
:104940004FF00000704700BF4A0011D212F500126C
:1049500011D20DD56FF47873B3EB62520ED44FEAD7
:10496000C12343F0004343EA505323FA02F0704757
:104970004FF00000704750EA013002D14FF0FF3095
:1049800070474FF0000070474FEA4102B2F1E04338
:1049900024BFB3F5001CDCF1FE5C0DD901F0004C26
:1049A0004FEAC0024CEA5070B2F1004F40EB830076
:1049B00008BF20F00100704711F0804F21D113F1A2
:1049C0003872BCBF01F00040704741F480114FEADB
:1049D0005252C2F11802C2F1200C10FA0CF320FA64
:1049E00002F018BF40F001004FEAC1234FEAD32381
:1049F00003FA0CFC40EA0C0023FA02F34FEA4303EB
:104A0000CCE77FEA625307D150EA01331EBF4FF073
:104A1000FE4040F44000704701F0004040F0FE408E
:104A200040F40000704700BF53B94AB9002908BFDD
:104A300000281CBF4FF0FF314FF0FF3000F092B95B
:104A4000ADF1080C6DE904CE00F024F8DDF804E0C7
:104A5000DDE9022304B07047D0B50C4B00220646B6
:104A60000F46FFF799FCFFF76FFF0446FFF71AFCAC
:104A7000074B0022FFF790FC02460B4630463946B2
:104A8000FFF7D2FAFFF760FF2146D0BD0000F03DEE
:104A90000000F0412DE9F047089D04468E46002BAA
:104AA0004DD18A42944669D9B2FA82F252B101FAE2
:104AB00002F3C2F1200120FA01F10CFA02FC41EAF2
:104AC000030E94404FEA1C48210CBEFBF8F61FFA77
:104AD0008CF708FB16E341EA034306FB07F1994212
:104AE0000AD91CEB030306F1FF3080F01F819942C5
:104AF00040F21C81023E63445B1AA4B2B3FBF8F09F
:104B000008FB103344EA034400FB07F7A7420AD925
:104B10001CEB040400F1FF3380F00A81A74240F24D
:104B200007816444023840EA0640E41B00261DB1B8
:104B3000D4400023C5E900433146BDE8F0878B42ED
:104B400009D9002D00F0EF800026C5E900013046AC
:104B50003146BDE8F087B3FA83F6002E4AD18B4286
:104B600002D3824200F2F980841A61EB0303012030
:104B70009E46002DE0D0C5E9004EDDE702B9FFDE1C
:104B8000B2FA82F2002A40F09280A1EB0C014FEAC7
:104B90001C471FFA8CFE0126200CB1FBF7F307FB24
:104BA000131140EA01410EFB03F0884208D91CEBC7
:104BB000010103F1FF3802D2884200F2CB80434664
:104BC000091AA4B2B1FBF7F007FB101144EA014443
:104BD0000EFB00FEA64508D91CEB040400F1FF31D2
:104BE00002D2A64500F2BB800846A4EB0E0440EAC0
:104BF00003409CE7C6F12007B34022FA07FC4CEAC9
:104C0000030C20FA07F401FA06F31C43F9404FEABB
:104C10001C4900FA06F3B1FBF9F8200C1FFA8CFED0
:104C200009FB181140EA014108FB0EF0884202FA24
:104C300006F20BD91CEB010108F1FF3A80F08880E5
:104C4000884240F28580A8F102086144091AA4B2A2
:104C5000B1FBF9F009FB101144EA014100FB0EFE23
:104C60008E4508D91CEB010100F1FF346CD28E4552
:104C70006AD90238614440EA0840A0FB0294A1EBE3
:104C80000E01A142C846A64656D353D05DB1B3EB40
:104C9000080261EB0E0101FA07F722FA06F3F14070
:104CA0001F43C5E9007100263146BDE8F087C2F117
:104CB0002003D8400CFA02FC21FA03F3914001438F
:104CC0004FEA1C471FFA8CFEB3FBF7F007FB1036C8
:104CD0000B0C43EA064300FB0EF69E4204FA02F474
:104CE00008D91CEB030300F1FF382FD29E422DD9C7
:104CF000023863449B1B89B2B3FBF7F607FB1633FC
:104D000041EA034106FB0EF38B4208D91CEB01017B
:104D100006F1FF3816D28B4214D9023E6144C91AFB
:104D200046EA004638E72E46284605E70646E3E60B
:104D30001846F8E64B45A9D2B9EB020864EB0C0E15
:104D40000138A3E74646EAE7204694E74046D1E724
:104D5000D0467BE7023B614432E7304609E76444D2
:104D6000023842E7704700BF10F8012B11F8013BF1
:104D7000012A28BF9A42F7D0D01A7047034613F889
:104D8000012B002AFBD1181A0138704709480A493B
:104D9000884208B505D0094A824202D0121A10F0A2
:104DA0000FF80748074A0021121A10F031F801489D
:104DB00008BD00BF90D303209C780C0028D40320AA
:104DC00028D40320F8DF032070B5074E074C0DF000
:104DD0005DF9A41BA4080025AC4200D170BD56F8B3
:104DE000043B98470135F7E718780C0070780C0001
:104DF00000F0E6B808B500F0F0F8BDE808400DF0A6
:104E0000FDB80AF0EBBF0AF0E9BF0AF0EFBF0000FF
:104E100000B58DB02C22002101A874460FF0F8FFD8
:104E2000054B0193054B029304947B46002101A896
:104E300003930AF0B1FEFEE72C000C00B8500C0002
:104E40007047704710B5012303748368044643B16B
:104E5000C0689847012363740020BDE810400AF041
:104E6000BBBC00680028F5D083680BB90EF0C6FD06
:104E7000C368EEE7012A02D1016000207047022AD0
:104E800004BF0B680360F8E7036818470A4B10B5C6
:104E9000044603600BF0E0FF21460CF02AFA0DF007
:104EA000FBFC0DF0EDFC2046044B40F8043B0CF0FD
:104EB000A9F8204610BD00BF0C510C00F4500C00A6
:104EC00010B50446FFF7E2FF20462421FFF79DFFBF
:104ED000204610BD10B58368044613B10322014675
:104EE0009847204610BD38B50568044635B12846B8
:104EF000FFF7F0FF10212846FFF787FF2046142117
:104F0000BDE83840FFF781BF2DE9F34104460E4666
:104F10001420164990461F460EF06CFD30B1002556
:104F2000C0E90055C0E9025505744574206098B188
:104F3000099B9DF82020C0E902873146CDE9000396
:104F40000B4B04300AF0E0FB30B923681B7C4BB9F3
:104F500001200AF091FBF8E720680023236008B1E4
:104F6000FFF7C1FF204602B0BDE8F08174750C0068
:104F7000454E0B0038B5064D2B683BB94420FFF772
:104F800040FF044608B101F065F92C60286838BD7F
:104F9000B4D603201FB5FFF7EDFF08490446684665
:104FA0000BF0E3FA6946204601F0B6FB68460BF0C9
:104FB00091FA04B0BDE810400BF020B9CD500C00C0
:104FC00008B50DF069FC4FF416510DF055FCFFF7D4
:104FD000D1FFBDE8084001F079BA08B5FFF7CAFF74
:104FE000BDE8084002F0FEBB70B5D0E900531426BE
:104FF000044606FB0356AE4204D028460BF06AFA7C
:105000001435F8E720680AF0F1FE204670BD8842AA
:10501000F8B504460D46164616D9904215D2A2F1AF
:105020001406751AA1F114072C44B7421CD02CB1F8
:10503000314620460BF0CBFA337C237430460BF01C
:1050400049FA143E143CF0E70ED0B5420CD02CB116
:10505000294620460BF0BBFA2B7C237428460BF024
:1050600039FA14351434F0E7F8BD2DE9F041002386
:10507000C0E9003383604F689F4204460E4623DD3B
:105080004FF0140808FB07F00AF0A8FE0546D8B157
:10509000D4E9001208FB0212FFF7B9FF20680AF0FA
:1050A000A5FE2560A760D6E9007308FB0378B84524
:1050B00008D0394628460BF0A4FA3B7C2B741437F1
:1050C0001435F4E7736863602046BDE8F0810000A2
:1050D00070B5002190B001200AF080FD364B374AB0
:1050E0009A600025C3E9005502200AF067FD01F02F
:1050F000E7F8CDE9035505950DF0CEFB03A906466B
:1051000006A82F4CFFF7B1FF06A909A8FFF7ADFFCE
:105110002C4B236009A90CA8FFF7A7FF0CAA1E219E
:10512000201D0CF0C9F90CA8FFF75EFF09A8FFF7D6
:105130005BFF254B2360266206A8FFF755FF234B34
:1051400023600DF0A9FB4FF416510DF095FB0BF009
:1051500083FE21460CF086F803A8FFF745FF1C4BA1
:105160000C931C4B1C4C0F931C4B0E931C4B23603D
:1051700002220CA9E560201DFFF77CFE0F9B236136
:105180000E9BE3600AF088FA164B18600420FFF7C4
:1051900038FE054648B109234FF40072CDE90032CC
:1051A0001149124A2346FFF7AFFE65610CA8FFF7CD
:1051B00091FE10B070BD00BF4CD403200000FFFF73
:1051C00028D40320F4500C00D8720C000C510C00B1
:1051D000954F0B00894E0B0058D40320754E0B00E1
:1051E000C0270900D4DF0320E3500C006D390C0008
:1051F0000EB400B58CB00DAA4FF0200C52F8041B71
:105200000392CDE900120023016804AA1E20CDE913
:1052100004C30AF0A9FC0CB05DF804EB03B07047BE
:1052200038B5064D2B683BB90520FFF7EAFD04466B
:1052300008B104F079FF2C60286838BDF0DA03204B
:10524000002202707047000010B50378044603BBCB
:10525000FFF7E6FF012105F0CFF84FF4FA600CF0FC
:10526000F3FC0EF03BFB4FF416510DF00FFE0EF069
:1052700035FB0146084809F06BFA074809F0F4FAD3
:10528000054809F049FA0123044905482370FFF74E
:10529000AFFF012010BD00BF74D403201C510C00CF
:1052A000D0DE032010B50378044683B1FFF7B8FFC2
:1052B000002105F029F9FFF7B3FF002105F012F9ED
:1052C000FFF7AEFF002105F097F8002323700120BF
:1052D00010BD00002DE9F0430B7891B00446002B7F
:1052E00054D02B4D2B7A23B92A4920460BF03DF997
:1052F00048E00AF0D1F9EB6BC01A42F21073984201
:10530000F2D805F1080009F097FC05F1080059EC06
:10531000108B09F0B5FC4946404657EC106BFFF77F
:1053200033FB062100EE100A04A80BF0E9F904A9EA
:1053300008A80BF066F9184908A80BF03BFA3946A3
:1053400005463046FFF720FB062100EE100A0CA8A8
:105350000BF0D6F90CA928460BF020FA0146684656
:105360000BF04FF90CA80BF0B5F808A80BF0B2F849
:1053700004A80BF0AFF8694620460BF028F9684600
:105380000BF0A8F8204611B0BDE8F0830149ADE765
:1053900074D4032064660C00DD5F0C0070B50B78DC
:1053A00088B0054663B3184C237A33B30AF074F916
:1053B000E36BC01A267A1549154BD4F8A021039047
:1053C000002E08BF0B46002184F8A110D4F8A810C5
:1053D0000092CDE90131D4F89821D4F8A4310D49D7
:1053E00004A80BF097FA04A928460BF0F0F804A8DB
:1053F0000BF070F8284608B070BD4FF0FF30D9E7C9
:1054000005490BF0B2F8F5E774D4032048510C00BD
:1054100044510C004B510C0083510C00F0B5204955
:10542000204889B0FFF7E4FE1F4968460BF09DF85D
:1054300000250EF053FA03681B699847B8B91B4F53
:10544000184E0024029BA34222461ED95034A34288
:10545000A8BF2346694604A80BF006FA3046049A12
:105460003946FFF7C5FE04A80BF034F8EAE70EF062
:1054700035FA03685B6998470135C1B268460BF09D
:1054800080F9B5F5FA7FD4D1D9E7094905482A460C
:10549000FFF7AEFE68460BF01DF809B0F0BD00BF87
:1054A0008B510C00D0DE03207F6F0C00E2610C00FA
:1054B000A0510C0037B50B780546CBB3224C94F8BD
:1054C0004030ABB394F8503093B3002304F1400064
:1054D000CDE9003309F01CFC1E30ADF8060004F1E4
:1054E000400009F021FC8DF8050004F1400009F0AE
:1054F00027FC8DF8040004F1500009F02BFC8DF816
:10550000020004F1500009F02FFC8DF8010004F1B5
:10551000500009F037FC8DF80000684606F094F85A
:1055200001460A2228460BF0CFF8284603B030BDCA
:105530000CF026FB10B10CF040FBF1E703492846C4
:105540000BF013F8F1E700BF74D403205B5E0C008E
:10555000014809F07FB900BF74D40320074B002233
:105560001A60074A136801331360064A136801334F
:105570001360054B01221A70704700BF64D60320E8
:105580006CD6032000F4032070D6032007B50190E9
:105590000EF00CFA01990DF01BFD0EF007FA0DF05C
:1055A00022FDB0FA80F0400903B05DF804FB4369C6
:1055B00013B183690C301847704713B500210446B6
:1055C00008460AF0B9F80023204601A901930AF021
:1055D000CBF8019C0CB101232371002101200AF0BA
:1055E000ABF82CB1236820469B68984700232371B1
:1055F00002B010BD38B5114C2368013323600DF0A3
:105600004BF90F490BF016FA0DF046F92468002CFF
:10561000054610DA2D210BF011FA61420A222846C4
:105620000BF02BFA28460BF010FABDE838400021A9
:1056300012200EF0E3B82146F0E700BF64D6032045
:10564000BB510C000EB403B503AB012153F8042B7E
:1056500001930BF030FA02B05DF804EB03B0704731
:1056600037B504468068C8B100256FF00043CDE926
:10567000003502212B462A460AF07EF8A06829460A
:105680000AF0B2F8237903F0FF0513B10AF044F8E9
:10569000F8E7A06829460AF05FF8A56003B030BDBE
:1056A00038B50546054B45F80C3B0446FFF7D8FFD7
:1056B0002846FFF70FFC204638BD00BFD0530C0032
:1056C00010B50446FFF7ECFF20461C21FFF79DFBB9
:1056D000204610BD00220270427070472DE9F04351
:1056E0007A4FDFF83482DFF834928BB0064601251A
:1056F0000DF0D2F80A232A463946FFF7A3FF0EF031
:1057000055F90DF073FC002850D10DF0C5F8704923
:105710000BF0A7F90EF04AF90DF020FC0EF046F957
:105720006C490DF017FCC8200CF08EFA0EF03EF913
:105730000DF05CFC002839D10DF0AEF866490BF095
:1057400090F901350B2DD3D10DF0A6F863490BF07C
:1057500088F90DF0A1F86249624D00240BF081F93F
:10576000614900944FF0FF33022212200DF094FAA9
:10577000A86830B1CDE9004423462246022109F051
:10578000FBFFA86840B100236FF00042CDE9002381
:1057900019461A4609F0F0FF0DF07EF853490BF058
:1057A00060F9012030700BB0BDE8F0830E20FFF7E8
:1057B000EDFE002853D10F20FFF7E8FE00285BD153
:1057C0000DF06AF84A490BF04CF9002398F80010E4
:1057D00099ED000A47481A4605F042FD04460028A4
:1057E0004CD10DF059F80546424805F0F3FA42490C
:1057F00002462846FFF726FF01220A23BFEE000AD1
:10580000CDE90442CDE90242CDE9004432213948D4
:1058100005F0AEFD0F220DF1270136488DF8274027
:1058200005F0DAFA0DF038F834490BF003F90DF011
:1058300033F89DF82710044610220BF01EF920467D
:105840000BF003F99DF82730352B04D10DF024F827
:105850002B490BF006F90DF01FF82A497CE70E22C0
:1058600011462448079205F0B3FA0DF015F8079A8F
:105870002549FFF7E7FEA8E70F22F1E70DF00CF846
:1058800022492A46FFF7DEFE0A2D3FF45AAF0DF0FB
:1058900003F81F490BF0E5F80EF088F80DF05EFBF9
:1058A0000EF084F80B490DF055FB64200CF0CCF998
:1058B000012D3FF446AF0CF0EFFF16490BF0D1F885
:1058C0004FF4FA600CF0C0F93BE700BFD0510C0078
:1058D000FA510C00A08601001E520C00F6520C007A
:1058E0002A530C0078D603205D550B0079530C0029
:1058F00039520C0094D6032070520C0098520C00C0
:105900004A530C006D530C0059520C00A5520C0068
:10591000C0520C00D7520C0090D3032094D3032024
:1059200010B504460348FFF79BFE002323700120B7
:1059300010BD00BF78D6032038B5194B1A7804463D
:105940002AB100221A7009F0A7FE164B1860164BF8
:105950001B68782B22DD637803BB0CF09DFF134995
:10596000134D0BF07EF80CF097FF12490BF079F80D
:1059700064200CF069F9FFF7F1FD2B683BB91420A6
:10598000FFF73FFA044608B100F0BEF82C60286823
:105990000222BDE838400C2100F0FAB838BD00BF43
:1059A00070D6032074D6032064D6032087530C00DE
:1059B000ACD60320AC530C00014B1868704700BFF5
:1059C00064D60320014B1868704700BF6CD60320D3
:1059D000014B1868704700BF00F40320014B1868A2
:1059E000704700BF74D603204170704770B50E2118
:1059F00088B0184805F0E7F9174B049304AC174B2F
:105A0000174A1A6094E8030003F10C0502AE86E819
:105A1000030095E8030084E8030096E8030085E8A6
:105A20000300104959619969079100220E491A71C2
:105A30009A6099610692CDE900224FF47A710B4A7F
:105A400003F1080009F080FE2046FFF743FA08B092
:105A500070BD00BF94D60320F5550B0078D6032007
:105A6000D0530C00754E0B00894E0B00BB550B003C
:105A700021B18B88834201D08968F9E708467047D5
:105A8000F8B5037D05460F463BB103680420D9688D
:105A9000FFF7EEFF064608B1C760F8BD0A491020BF
:105AA0000DF0A8FF044660B1102231460FF0B0F9A6
:105AB000064B23600423A3802B692C61C4E90237C1
:105AC000EBE72875E9E700BF74750C0010000300D0
:105AD00038B50446006928B185680C21FFF795F9AF
:105AE0002846F8E7204638BD38B5064D2B683BB947
:105AF0000420FFF786F9044608B102F051FA2C6041
:105B0000286838BD34D7032070B51D4E336804466D
:105B10003BB90520FFF775F9054608B104F004FB11
:105B200035603368174E236033683BB92020FFF798
:105B300068F9054608B103F029FD35603368124E57
:105B4000636033683BB96820FFF75BF9054608B12D
:105B500002F0E4FD35603368A3600C4EFFF7C4FF2C
:105B60003368E0603BB90120FFF74BF9054608B107
:105B7000FFF766FB356033682361204670BD00BFC8
:105B8000F0DA032088D7032078D7032070D40320CD
:105B9000F0B504468BB09F480D469F491646FFF767
:105BA00027FB64200CF050F82069FFF77BFBE068CE
:105BB00002F0FCF9606803F01DFE606804F04EF925
:105BC000606803F003FE2068012104F0E7FB206811
:105BD000002104F059FC2068002104F02DFCFFF79F
:105BE000C9F990F840308BB18C498A48FFF700FB27
:105BF000FFF7C0F98A49074604A80AF0B6FC384600
:105C000004A900F089FD04A80AF064FC64200CF0EB
:105C10001BF805AB04930023CDE90633102208934B
:105C20000123ADF814209E424FF003028DF824307A
:105C3000ADF816208DF8183057D0022E58D0002E0F
:105C400058D14FF47A71A5FB011504A8FFF718FF8E
:105C50009DF8243063B1049BD9680120FFF708FF49
:105C6000054600284AD08389122B45D1002383732F
:105C70009DF8243083B1049BD9680E20FFF7F8FE0D
:105C80000546002852D0037B042B4DD1C389012B3C
:105C900002D043F00103C381684604A90AF0B2FAB6
:105CA000009808B10AF0A2F8FFF764F990F84030C4
:105CB000002B62D05B495748FFF79AFA002009F0A1
:105CC00013FD42F210760546002009F00DFD401B41
:105CD00061F10001B04271F100033ED20AF04EF8CA
:105CE00000283AD10AF03AF8EEE74EF66021AAE72A
:105CF0004D49A8E74D49A8E78168AEE74C49102017
:105D00000DF078FE0646002800F08180102229461A
:105D10000FF07EF8474B33600123B380089BB360DC
:105D20001223B3810896A3E78168A6E740491420AF
:105D30000DF060FE0646002866D0142229460FF0BA
:105D400067F83C4B33600E23B380089BB360042399
:105D500033730123F38108969EE70AF00FF8FFF7EB
:105D600009F93549054668460AF0FFFB28466946A9
:105D700000F0D2FC68460AF0ADFB4FF47A700BF0ED
:105D800063FF0121206804F009FB2069FFF75CFA3A
:105D9000E06802F089FBFFF7A7FE02F045F9DFEDAE
:105DA000277A20EE270ABCEEC00A10EE103A9EB207
:105DB0000BF0E6FE08B10BF000FF0546FFF7DAF83E
:105DC0002A46314600F086FA606803F0FFFE6068FC
:105DD00003F048FE606803F01BFF41F288300BF0CF
:105DE00033FF0121206804F027FB41F288300BF0DB
:105DF0002BFF606804F006F8606803F061FC04A8FB
:105E0000FFF766FE0BB0F0BD8DF8245044E78DF827
:105E100024502DE7D0DE0320DC530C00F4530C009B
:105E200009540C0016540C0080EE3600002E93022C
:105E300074750C00100003002A540C0000007A4412
:105E400013B50B4C2178BFF35B8F11F001010BD11F
:105E5000204601910AF012F8019928B105480AF08C
:105E600073F820460AF012F8024802B010BD00BFD5
:105E7000A0D60320A4D60320F0B504468BB05B481F
:105E80000D465B491646FFF7B3F964200BF0DCFEC4
:105E9000A06802F063FCFFF7D3FF0AF085F8FFF774
:105EA000CFFF0AF06FF84FF4FA700BF0CDFE2069C7
:105EB000FFF7F8F9E06802F079F8606803F09AFCFF
:105EC0002068002104F06AFA2068002104F0DCFA5E
:105ED0000021206804F0B0FA64200BF0B5FE4549BB
:105EE0004248FFF785F9FFF745F890F840306BB16D
:105EF000FFF740F84049074604A80AF036FB384649
:105F000004A900F009FC04A80AF0E4FA64200BF0EC
:105F10009BFE05AB394A04930023CDE90523CDE967
:105F2000073301239E428DF824304FF0030305D040
:105F3000022E55D132498DF8183003E08DF8183013
:105F40004EF66021A5FB011504A8FFF799FD6846F0
:105F500004A90AF057F9009808B109F047FF294948
:105F60002248FFF745F9FFF705F890F840306BB18C
:105F7000FFF700F82449054668460AF0F6FA284675
:105F8000694600F0C9FB68460AF0A4FA64200BF0E9
:105F90005BFE606803F036FF0121206804F0FEF923
:105FA0002069FFF751F9E06802F07EFA606803F0BB
:105FB0000DFE606803F056FD606803F029FE41F2B3
:105FC00088300BF041FE0121206804F035FA41F2DF
:105FD00088300BF039FE04A8FFF77AFD0BB0F0BD56
:105FE0008DF818304FF47A71ACE700BFD0DE032093
:105FF00032540C0051540C006D540C00100003007E
:1060000080EE36007D540C0098540C00014B0122A8
:106010001A707047CDD60320014B01221A707047C9
:10602000CED60320014B01221A707047CCD6032034
:106030001FB51022002168460EF0EAFE0DF09EFC0E
:1060400010226946802009F03FFB05B05DF804FB93
:1060500070B50D4B86B01E780546144692B11046B9
:106060000591FEF78BFE05998DF8086000233C2210
:10607000CDE900320346224628460CF0CDF92846E9
:1060800006B070BD1046EFE7B0D6032070B50D4BDB
:1060900086B01E780546144692B110460591FEF76B
:1060A0006DFE05998DF8086000233C22CDE9003291
:1060B0000346224628460CF0AFF9284606B070BDCC
:1060C0001046EFE7B0D6032037B5044680680D468A
:1060D00030B10023CDE900331A46022109F04CFB10
:1060E000A06830B10023CDE900531A46194609F0E3
:1060F00043FB03B030BD0000F0B58C4600251449C9
:10610000057104468560016092E8030085B002AF26
:1061100004F10C0687E8030096E8030082E8030018
:1061200097E8030086E803009168A0696161D1687F
:106130009560D060A161CDE90035064A23466146ED
:1061400004F1080009F000FB204605B0F0BD00BFD7
:10615000D0530C00BB550B000EB400B58CB00DAA8B
:106160004FF0200C52F8041B0392CDE900120023DB
:10617000016804AA2820CDE904C309F0F5FC0CB09D
:106180005DF804EB03B0704738B5064D2B683BB99A
:106190000120FEF736FE044608B1FFF751F82C60E7
:1061A000286838BD70D4032038B5064D2B683BB93C
:1061B0006820FEF726FE044608B102F0AFFA2C6014
:1061C000286838BD78D7032038B5064D2B683BB911
:1061D0002020FEF716FE044608B103F0D7F92C6024
:1061E000286838BD88D7032038B5064D2B683BB9E1
:1061F0000220FEF706FE044608B1FFF76BFA2C609A
:10620000286838BD68D6032038B5064D2B683BB9E1
:106210001420FEF7F6FD044608B1FFF775FC2C606C
:10622000286838BDACD6032008B505490548FEF7F7
:10623000DFFF054A054906480BF0C4FF012008BDF1
:10624000AE540C00D0DE0320BA540C0059670B008A
:1062500099210C0070B50446FEF7E2FF2060FFF7BD
:10626000B3FF6060FFF7A0FFA060FFF73DFCE060B8
:10627000FFF78AFF104E2061FFF7B6FF33686061B9
:106280003BB91020FEF7BDFD054608B103F03EFE08
:1062900035603368A361094904F11C000AF065F90F
:1062A000064904F12C000AF060F90023E36301239E
:1062B00084F84030204670BDECDA032067660C009D
:1062C00008B502490248FEF793FF08BDBE540C0012
:1062D000D0DE032030B585B00D46144600211022D3
:1062E00068460EF095FD0DF049FB694610224020EE
:1062F00009F0E2F90A4B009AADF804509A420BBF3C
:10630000039B009301330123039302940DF036FBAA
:1063100010226946402009F0D7F905B030BD00BF12
:10632000454B415738B5046805467CB16368013B6D
:1063300063605BB9236820469B689847A368013B6C
:10634000A3601BB923682046DB689847284638BD00
:106350002DE9F04389B0FFF7C7FB03781BB9FFF7BE
:10636000C3FB01F043FEFFF7BFFB01F05DFE10EE43
:10637000107AFFF7B9FB01F023FF142806460BDC67
:1063800009F0FCFC58B10BF0FBFBDFF83481D0B90D
:10639000D8F80030DBB102E0182800F381803846DD
:1063A000FDF7A2FF47A3D3E9002304460D46FEF7FD
:1063B00065FA28B13C493D4822462B46FFF7CCFE02
:1063C00009B0BDE8F083D8F80030002B57D107EEB4
:1063D000107ADFED377A67EE277AFCEEE77A17EE70
:1063E000903A9DB20BF0CCFB0446002850D110220D
:1063F00000210DEB02000EF00BFD0DF0BFFA102294
:106400000DEB0201802009F057F92A4B049AADF8F0
:1064100014509A420BBF079B0493013301231FFAC8
:1064200086F90793ADF8169006940DF0A7FA10229E
:106430000DEB0201802009F047F909F09FFCB0B193
:106440003846FDF751FF3246CDE900011A4904A84C
:106450000AF060FA049A194902A8FFF7F9FD03A8A7
:10646000FFF760FFFFF7E4FD04A80AF033F80BF034
:1064700087FB88B10BF0A1FBC8F800008FE70BF099
:106480009CFBD8F80030C01AB0F5615F9FD286E758
:106490000BF093FB0446AAE70123C8F800307EE71F
:1064A000074B00221A607AE7F2540C00D0DE03207A
:1064B00000007A4442424F4CC6540C00E9540C0090
:1064C00004F403209A99999999990D4070B504465E
:1064D00040F6B8300BF0B8FB78497948794EFEF7B2
:1064E00087FE2046FFF734FFFFF79EFE764974488B
:1064F000FEF77EFE0121206803F04EFE64200BF0C3
:10650000A3FB0CF0C9F971490AF0ABFAA06802F0DC
:1065100039FA64200BF098FB6D4BA06993ED000AEB
:106520006C4B83ED000A6C4B197803F0F0FC64208F
:106530000BF08AFB69486FF00041FFF7C5FD684822
:106540006FF00041FFF7C0FD6FF000416548FFF7B5
:10655000BBFD0CF0A1F964490AF083FA0CF09CF938
:1065600062490AF07EFA64200BF06EFB012120687C
:1065700003F014FF42F210700BF066FB0CF08CF984
:106580005B490AF06EFA64200BF05EFB0121206883
:1065900003F052FF42F210700BF056FB606803F0FC
:1065A0001FF842F210700BF04FFB0CF075F95149D7
:1065B0000AF057FA41F288300BF046FB2069FEF7EB
:1065C00043FE64200BF040FB0CF066F94A490AF0E8
:1065D00048FAE06801F068FF64200BF035FB0CF02E
:1065E0005BF946490AF03DFA606803F0EFFA64206F
:1065F0000BF02AFB0CF050F941490AF032FA4FF443
:10660000FA700BF021FB0025606803F02BFA60B9EB
:1066100001350CF041F92A463146FFF713F84FF4E3
:10662000FA600BF011FB072DEED164200BF00CFB90
:106630000CF032F93349344E0AF013FA40F6B83010
:106640000BF002FB606803F0E3FA64200BF0FCFA45
:1066500041F288300BF0F8FA2C491948FEF7C8FDD2
:106660004FF4FA600BF0F0FA6069FFF737F8642036
:106670000BF0EAFA0CF010F925490AF0F2F94FF4A0
:10668000FA700BF0E1FA0025606803F019F860B9C0
:1066900001350CF001F92A463146FEF7D3FF4FF4DD
:1066A000FA600BF0D1FA032DEED164200BF0CCFA96
:1066B00018490348FEF79CFD012070BD46550C00AB
:1066C000D0DE032040560C0051550C0067550C00DD
:1066D0009CD3032098D30320A0D30320FCD603200F
:1066E00018D70320E0D603207A550C00C7550C00BC
:1066F000D6550C00E9550C00F8550C000A560C0054
:1067000022560C0053560C0091560C0069560C0092
:1067100082560C00A3560C0030B585B085686846DB
:106720000C4609F06EFF6B4602220021284602F05B
:10673000E7F9684609F0CEFE09F020FB38B168465B
:1067400022680449FFF784FC01A8FFF7EBFD05B0C0
:1067500030BD00BFAC560C002DE9F0432C21BBB07E
:1067600004460AF07EF8AF49054606A809F0FDFE8A
:10677000AC490AA809F0F9FEAA490EA809F0F5FEED
:10678000A84912A809F0F1FE6B1C3ED1214606A8CB
:1067900009F028FFA44936A809F0E7FE06A936A8A3
:1067A00009F0FCFFA1490AF005F80AA909F0F6FF73
:1067B0009E4909F0FFFF0EA909F0F0FF9B4909F07F
:1067C000F9FF12A909F0EAFF01689948FEF710FDE8
:1067D00036A809F07FFE974906A80AF000F80028BD
:1067E0006DD1FFF7E1FC02F01FFC12A809F072FE68
:1067F0000EA809F06FFE0AA809F06CFE06A809F0C1
:1068000069FE01203BB0BDE8F083002DC2DD05F13B
:1068100001094A462C2120460AF015F800F101082A
:10682000074642462C2120460AF00DF82B4600224E
:106830002146064636A80AF017F836A906A809F038
:10684000EBFE36A809F046FE3B464A46214636A8EE
:106850000AF00AF836A90AA809F0DEFE36A809F0FF
:1068600039FE70490EA809F0E7FE6E4912A809F03A
:10687000E3FE002F8EDD002E19DD33464246214611
:1068800036A809F0F1FF36A90EA809F0C5FE36A812
:1068900009F020FE214636A8721C0AF005F836A938
:1068A00012A809F0B9FE36A809F014FE72E72146D5
:1068B00036A8424609F0F8FF36A90EA8F1E75E496E
:1068C00036A809F052FE36A906A809F0B3FF04461F
:1068D00036A809F0FFFD5CB106A9052236A809F02B
:1068E000E3FFFFF761FC369902F088FC36A8FFE26F
:1068F000524906A809F073FF20B9FFF755FC02F0D2
:106900003FFC72E74E4906A809F069FF10B909F08B
:1069100075FC6AE74B4906A809F061FFA8B94A4926
:106920004348FEF765FC09F029FA38B136A8474A12
:106930004749FFF7ABFB37A8FFF7F4FCC8200BF083
:1069400083F9002009F03FFC4FE7424906A809F00F
:1069500046FF30B9FFF758FC02220C21FFF718F967
:1069600043E73D4906A809F03AFF78BB3B490EA82A
:1069700009F035FF044658B9FFF746FC05460AA85A
:1069800009F0C2FF2246C1B22846FFF775FA2CE78C
:1069900033490EA809F023FF48B9FFF735FC044638
:1069A0000AA809F0B1FF0122C1B22046EDE72D4946
:1069B0000EA809F014FF00287FF417AFFFF724FC9E
:1069C00004460AA809F0A0FF0222EDE7264906A81E
:1069D00009F005FF002840F0E08024490AA809F0EA
:1069E000FEFE002840F0818021490EA809F0F7FE44
:1069F000002845D11F490E48FEF7FAFBFFF7D4FBEC
:106A00004FF0FF3102F06CFC09F0B8F900283FF4B8
:106A1000ECAE194A194936A8FFF738FB37A8FFF73B
:106A200081FCE2E667660C00B0560C00DD5F0C00EE
:106A3000D0DE0320BB560C00C0560C00C6560C001E
:106A4000D1560C00D8560C00DC560C00EE560C004B
:106A5000F7560C00FB560C0000570C000A570C00B0
:106A600012570C001A570C0020570C0023570C002B
:106A700028570C002C570C0043570C005A570C0099
:106A800098499948FEF7B4FBFFF78EFB04460EA821
:106A900009F03AFF0146204602F022FC09F06EF9A7
:106AA00000283FF4A2AE914936A809F05EFD0EA879
:106AB00009F02AFF0A22014632A809F0EAFD32A9AC
:106AC00036A809F06BFE8A4909F074FE894902680C
:106AD0002EA8FFF7BDFA2FA8FFF724FC32A809F073
:106AE000F9FC36A809F0F6FC7FE683490AA809F00C
:106AF00076FED0B9FFF758FB02F070F87F490246E6
:106B000036A809F007FF36997748FEF771FB09F0C0
:106B100035F900283FF4EAAE369A794932A8FFF7F2
:106B200097FA33A8FFF7FEFBE0E676490AA809F0DA
:106B300056FE88B9FFF738FB014636A802F092F8F6
:106B400036996948FEF754FB09F018F900283FF41C
:106B5000CDAE369A6C49E1E76C490AA809F03FFED0
:106B600020B9FFF721FB01F00DFFE3E768490AA810
:106B700009F035FE00287FF438AEFFF715FB02F070
:106B8000EBF964495848FEF733FB09F0F7F80028A1
:106B90003FF42BAE604A5F493DE7604906A809F023
:106BA0001EFE30BB5E490AA809F019FE80B9FFF746
:106BB0001BFB0021FEF718FFFEF7DCF959490446DC
:106BC00036A809F0D2FC36A92046FFF7A5FD8DE6D0
:106BD00055490AA809F003FE00287FF406AEFFF726
:106BE00003FB0121FEF700FFFEF7C4F94F490446FD
:106BF000E6E74F4906A809F0F2FD00BB48490AA89C
:106C000009F0EDFD48B9FEF70BFB012103F0A4FBF1
:106C1000FEF7B0F947490446D2E743490AA809F00C
:106C2000DEFD044600287FF4E0ADFEF7F9FA2146C8
:106C300003F092FBFEF79EF93F490446C0E73F4947
:106C400006A809F0CCFD002840F0C5803C492EA8DC
:106C500009F08BFC3B490AA809F0C1FD002877D157
:106C60000AF0ABFF0A22014636A809F012FD36A948
:106C70002EA809F0D9FC36A809F02CFC324936A818
:106C800009F073FCFFF780FA014632A8FEF722FBF9
:106C900032A936A809F082FD2B4909F08BFD014687
:106CA0002EA809F06AFD32A809F014FC36A809F0F4
:106CB00011FCFEF75FF900F11C012EA809F05DFD43
:106CC0002E990948FEF794FA09F058F8002800F0C8
:106CD0006D822E9A1D4936A8FFF7BAF937A8FFF73B
:106CE00021FB63E25F570C00D0DE032077570C00D6
:106CF00086570C005A570C0087570C008D570C0014
:106D000090570C0096570C009D570C00A6570C008E
:106D1000AD570C00B4570C00BE570C00D2570C00F6
:106D2000C4550C00DC570C0054680C00E9570C00EB
:106D3000F7570C0001580C000E580C001C580C00A2
:106D400021580C002C580C00DD5F0C0027580C005B
:106D5000B0490AA809F043FD002840F027820AF054
:106D60002CFF0A22014636A809F093FC36A92EA86A
:106D700009F05AFC36A809F0ADFBA74936A809F07E
:106D8000F4FBFFF701FA014632A8FEF7A3FA32A995
:106D900036A809F003FDA04909F00CFD01462EA814
:106DA00009F0EBFC32A809F095FB36A809F092FB3C
:106DB000FEF7E0F800F12C012EA809F0DEFC2E9978
:106DC0009648FEF715FA08F0D9FF002800F0EE818A
:106DD0002E9A93497FE7934906A809F000FD0446DF
:106DE000002840F088801AA808F0D0FF1AA91EA831
:106DF00009F007FC88491EA809F0DCFC0546FFF7EE
:106E0000C3F9014622A8FEF755FB22A9284609F03E
:106E1000C5FC814909F0CEFC0546FFF7B5F90146EE
:106E200026A8FEF757FA26A9284609F0B7FC7A49A2
:106E300009F0C0FC0546FFF7C7F9224601462AA81B
:106E400002F0F8FC2AA9284609F0A8FC724909F0CA
:106E5000B1FC0446FFF7B8F901462EA802F03EFE49
:106E60002EA9204609F09AFC6B4909F0A3FC0446C0
:106E7000FFF7AAF9014632A802F074FF32A92046B2
:106E800009F08CFC644909F095FC0446FFF79CF975
:106E9000014636A802F0A8FE36A9204609F07EFC7D
:106EA000014616A809F0ADFB36A809F013FB32A87D
:106EB00009F010FB2EA809F00DFB2AA809F00AFB27
:106EC00026A809F007FB22A809F004FB1EA809F078
:106ED00001FB1AA809F0FEFA08F050FF38B136A8F5
:106EE000169A5149FFF7B4F837A8FFF71BFA16A80E
:106EF00009F0F0FA79E44D4906A809F070FC08BBE6
:106F00004B4932A809F031FBFFF73EF9014636A89C
:106F1000FEF7E0F936A932A809F07EFB36A809F0A1
:106F2000D9FA32993D48FEF763F908F027FF38B1E6
:106F3000329A404936A8FFF78BF837A8FFF7F2F9E5
:106F400032A8D5E73C4906A809F049FC88B9FFF703
:106F50001BF9014636A8FEF721FA36992F48FEF7AD
:106F600047F908F00BFF00283FF4C0AC369A3349CC
:106F7000D4E5334906A809F032FC20B9FFF704F93B
:106F8000FEF74CFA31E42F4906A809F028FC18BB9B
:106F9000274932A809F0E9FAFEF7A6FD03781BB9E4
:106FA000FEF7A2FD01F022F8FEF79EFD014636A88D
:106FB00001F08AF936A932A809F02EFB36A809F0AB
:106FC00089FA32991548FEF713F908F0D7FE002820
:106FD000B6D0329A1C49ADE71C4906A809F0FFFB60
:106FE00000283BD11A490AA809F0F9FB00287FF4D0
:106FF000FCAB184936A809F0B8FA36990748FEF7ED
:10700000F7F808F0BBFE00283FF470AC369A12493E
:1070100084E500BF39580C00DD5F0C00D0DE032092
:1070200034580C0040580C004D580C0054580C00BB
:1070300067660C00F4550C005D580C0066580C0097
:107040006D580C0074580C00ED540C007C580C006A
:1070500084580C0089580C00E9540C00934906A888
:1070600009F0BDFB002840F0A38091490AA809F06F
:10707000B6FB38B9FEF772FA8E498F48FEF7B8F8BA
:10708000FFF7B3BB8D490AA809F0A9FB30BBFEF797
:107090002BFD03781BB9FEF727FD00F0A7FFFEF7D5
:1070A00023FD00F0C1FF10EE104AFEF785FC0590AD
:1070B0002046FDF719F9059ACDE90001804936A867
:1070C00009F028FC36997C48FEF792F808F056FE45
:1070D00000283FF40BAC369A7A491FE57A490AA892
:1070E00009F07DFBF0B90EA809F00EFC7749041EEB
:1070F00012A8D8BF052409F072FBE4B2054620B9F6
:10710000FFF782F82A46214628E4714912A809F0BF
:1071100066FB18B9FFF778F80222F4E7FFF774F876
:107120000122F0E7FEF7E0FC03781BB9FEF7DCFC78
:1071300000F05CFFFEF7D8FC01462EA801F098F89D
:10714000FEF7D2FC00F070FF10EE104AFEF734FCA0
:107150006049059036A809F008FA36A92EA809F06A
:1071600069FB0028204614BF31253025FDF7BCF807
:10717000059A0095CDE902017823574932A809F014
:10718000C9FB36A809F0A6F932994B48FEF730F84A
:1071900008F0F4FD38B136A8329A5049FEF758FF8E
:1071A00037A8FFF7BFF832A809F094F92EA89FE698
:1071B0004B4906A809F013FB88B9FFF705F801460B
:1071C00036A802F0F5FC36993B48FEF711F808F0B6
:1071D000D5FD00283FF48AAB369A42499EE44249E5
:1071E00006A809F0FCFA50BBFEF7ECFB0646FEF7DA
:1071F000EFFB0746FEF7F2FB0446F0B108F04CFA4D
:10720000051BFEF7D9FB804612200CF021FB374905
:10721000CDE902803B46324636A8CDE9004509F06B
:1072200079FB36992448FDF7E3FF08F0A7FD002815
:107230003FF45CAB369A2E4970E40546E1E72D49F0
:1072400006A809F0CCFA00285AD11C490AA809F06E
:10725000C6FA00287FF4C9AAFEF746FC03781BB9DA
:10726000FEF742FC00F0C2FEFEF73EFC00F0DCFE42
:1072700010EE105A0AF084FC08B10AF09EFC044695
:107280002846FDF731F8009402460B4636A81A4905
:1072900009F040FB36990848FDF7AAFF08F06EFD9B
:1072A00000283FF423AB369A144937E4AC580C005D
:1072B000C2580C00B7580C00D0DE032084580C00D4
:1072C000C8580C00F0580C00C2530C000A570C00B0
:1072D0001A570C007F6A0C00FB580C0035590C0043
:1072E00047590C004D590C0053590C0057590C00CC
:1072F000A6590C00AD590C00B2590C00D3590C0022
:10730000BE4906A809F06BFA002837D1BC492EA85F
:1073100009F02BF9FEF7E8FB014636A801F072F8F8
:1073200036A92EA809F078F936A809F0D3F8B5499E
:1073300036A809F01AF9FEF7D7FB00F031FF0A2250
:10734000014632A809F08AF932A936A809F026FACE
:1073500001462EA809F011FA32A809F0BBF836A8A8
:1073600009F0B8F82E99A848FDF742FF08F006FD8D
:1073700000283FF41BAF2E9AA449ACE4A44906A808
:1073800009F02DFA0028C1D0A24906A809F027FA71
:1073900080B1A14906A809F022FA50BB9F490AA86A
:1073A00009F01DFAC8B9FDF73BFF012102F0F6FF15
:1073B000FFF71BBAFEF708FF011D36A809F021F9F7
:1073C00036999148FDF714FF08F0D8FC00283FF4E7
:1073D0008DAA369A9249FFF7A1BB92490AA809F0F3
:1073E000FEF9044600287FF400AAFDF719FF2146A4
:1073F000DCE78D4906A809F0F2F9B8B987490AA86F
:1074000009F0EDF930B9FDF70BFF012103F014F895
:10741000FFF7EBB983490AA809F0E1F9044600280F
:107420007FF4E3A9FDF7FCFE2146EFE77F4906A8BC
:1074300009F0D5F900284AD10BF02EFA7C4909F061
:1074400010FBFDF7EDFE012102F0A8FF64200AF019
:10745000FBFB0BF021FA774909F003FBFEF794FEE2
:10746000FDF7F2FE64200AF0EFFB0BF015FA72490B
:1074700009F0F7FAFEF738FB01F016F864200AF07D
:10748000E3FB0BF009FA6D4909F0EBFAFEF79CFEFD
:1074900002F09CFB64200AF0D7FB0BF0FDF9684971
:1074A00009F0DFFAFEF790FE02F0DCFA64200AF041
:1074B000CBFB0BF0F1F9634909F0D3FAFEF784FE38
:1074C00002F0A6FB64200AF0BFFBFFF78EB95E490D
:1074D00006A809F084F9044600284AD10BF0DCF92B
:1074E0005A4909F0BEFAFEF77FFEFEF719FAFEF7D9
:1074F0004BFEFDF7D7FE64200AF0A6FB0BF0CCF99B
:10750000534909F0AEFAFEF7EFFA00F04FFD6420A0
:107510000AF09AFB0BF0C0F94E4909F0A2FAFEF707
:1075200053FE02F05CFB64200AF08EFB0BF0B4F912
:10753000494909F096FAFEF747FE02F0CBFA6420BB
:107540000AF082FB0BF0A8F9444909F08AFAFDF72A
:1075500067FE214602F022FF64200AF075FB0BF063
:107560009BF93F4909F07DFAFEF72EFE02F0F6FB8B
:10757000A8E73C4906A809F032F950B90BF08CF99C
:10758000394909F06EFAFDF74BFE012102F054FF74
:1075900098E7364906A809F022F9A0B90BF07CF962
:1075A000334909F05EFAFEF70FFE02F00FF964208E
:1075B0000AF04AFB0BF070F92E4909F052FAFDF778
:1075C0002FFE002122E72C4906A809F008F900281F
:1075D00056D1FDF725FE012102F02EFF4FF47A70FF
:1075E0000AF032FB0BF058F9244909F03AFAFEF799
:1075F000EBFD02F065F8FFF7F8B800BFD8590C00B2
:1076000067660C00DD5F0C00D0DE0320E8590C003B
:10761000DE590C00E4590C00EE590C00C4550C0066
:10762000CC5A0C0054680C00F7590C00005A0C009E
:10763000C7550C00E9550C00F8550C000A560C0013
:1076400022560C00065A0C00195A0C00205A0C0045
:10765000385A0C004B5A0C00645A0C00835A0C0028
:10766000935A0C00A75A0C00AC5A0C00BA5A0C00E2
:10767000C05A0C00D05A0C00DF5A0C0082560C0085
:10768000084906A809F0ABF800287FF4AEA80BF073
:1076900003F9054909F0E5F9FEF796FD02F096F8C1
:1076A000FFF7A3B8E55A0C00C05A0C0000B589B02A
:1076B0001349684608F059FF0BF0EEF80A2201461C
:1076C00004A809F053FA04A9684608F0A5FF04A825
:1076D00008F000FF684609F0EEF8029B4BB16946DE
:1076E00004A808F08EFF04A8FFF736F804A808F0F5
:1076F000F1FE684608F0EEFE09B05DF804FB00BF3D
:1077000067660C0038B50468002008F06FFA20B1F5
:10771000637813B908F022FBFAE76378BFF35B8F55
:10772000651C0BB9002038BD002008F05FFA20B1BD
:107730002B7813B908F012FBFAE72378012BF1D16B
:10774000207BF0E77FB51C4B1C4E1D4D1D4803965A
:1077500000241C701C4B00936A46234641F288317A
:107760000295FEF7C9FC6846FDF7B4FB174B009382
:107770006A46234647F230511548CDE90256FEF7D6
:10778000BBFC6846FDF7A6FB124B00936A462346F6
:107790004EF660211048CDE90256FEF7ADFC684672
:1077A000FDF798FB21460D480AF0F8FB0C4808F05D
:1077B000EDFA04B070BD00BFB0D60320894E0B00B7
:1077C000754E0B00FCD603200D600B0019600B00FA
:1077D00018D7032025600B00E0D60320D0D6032065
:1077E000BCD603202DE9F041DFF8448398F800303F
:1077F0009AB00446002B4AD108F0C0FA002846D0BF
:10780000E06803780BB900F0F1FBE06800F0D8FC09
:107810000546E06800F008FC10EE100AFCF764FD75
:1078200006460F46CDE90267AB4A0095032312686E
:10783000AA4912A809F06EF8129AA94916A8FEF7EB
:1078400007FC17A8FEF76EFD142D1ADC2A46A54981
:10785000A54D16A8CDE9006709F05CF8169AA34972
:107860000EA8FEF7F5FB0FA8FEF75CFD0AF088F9FD
:10787000002800F05F820AF0A0F9286016A808F03E
:1078800029FE012312A888F8003008F023FE08F032
:1078900075FA002800F0BB80102200210AA80DF024
:1078A000B7FA0CF06BF810220AA9002007F004FFC9
:1078B0008F4B0A9A8C4D9A4240F03F82BDF82C3093
:1078C0009FED8C7A07EE903AF8EEE77AC7EE877A6A
:1078D00017EE900AFCF708FD0B460D9901910C99E3
:1078E00000910246844912A809F014F8129A7F49BF
:1078F00016A8FEF7ADFB17A8FEF714FD1022002115
:1079000016A80DF085FA0CF039F80020102216A9FF
:1079100007F0DAFE00232B7112A808F0DBFD10221D
:1079200000210EA80DF074FA0CF028F810220EA910
:10793000402007F0C1FE714B0E9A9A422ED1BDF83D
:107940003C309FED6C7A07EE903AF8EEE77AC7EE9E
:10795000877A17EE900AFCF7C7FC0B461199019144
:10796000109900910246664912A808F0D3FF129AB6
:10797000644916A8FEF76CFB17A8FEF7D3FC10228B
:10798000002116A80DF044FA0BF0F8FF4020102259
:1079900016A907F099FE12A808F09CFD10220021FC
:1079A00012A80DF035FA0BF0E9FF102212A9802081
:1079B00007F082FE544B129A9A4228D1159B0393EA
:1079C000149B0293BDF84C309FED4A7ABDF84E20CF
:1079D000049207EE903AF8EEE77AC7EE877A17EE50
:1079E000900AFCF781FC049ACDE90001474916A8EA
:1079F00008F090FF169A3D4906A8FEF729FB07A854
:107A0000FEF790FCFEF714FB16A808F063FD404D4E
:107A100007F042FE2B68C01A3E4B984256D30AF03C
:107A2000CCF80A2201460EA808F033FE3A4916A8FF
:107A300008F09BFDFEF7A8FB014612A8FDF74AFCE3
:107A400012A916A808F0AAFE334908F0B3FE0146B1
:107A50000EA808F092FE12A808F03CFD16A808F047
:107A600039FD04F11C010EA808F087FE2B4916A869
:107A700008F07BFD0EA916A808F090FE01682848C2
:107A8000FDF7B6FB16A808F025FD08F077F90028E9
:107A900000F07D810E9A234916A8FEF7D9FA16A8A0
:107AA000FFF730FE064617A8FEF73CFC002E00F05C
:107AB000698107F0F1FD1C4928601948FDF798FB22
:107AC00007F0EAFD28600EA808F004FD174B1A78AD
:107AD000002A77D02EE000BFBCD60320EC5A0C0061
:107AE000255B0C002A5B0C0004F40320E9540C0015
:107AF000544C424800007A44495B0C00454B4157C6
:107B00009B5B0C00D3590C0042424F4CC45B0C00F1
:107B1000D8D6032080EE3600DD5F0C00F75B0C004A
:107B2000D0DE032027580C00045C0C00CDD60320C7
:107B3000B8D60320002661681E70012206A801F055
:107B400079FE069A616805920AA801F0C7FF0A9BB0
:107B5000616804930EA802F005F961680E9D12A8F1
:107B600002F042F81299DDE90432CDE9005116A87D
:107B7000AF4904F11C0508F0CDFE16A9284608F00F
:107B80004BFD16A808F0A6FC12A808F0A3FC0EA84E
:107B900008F0A0FC0AA808F09DFC06A808F09AFCD2
:107BA000A768294616A808F02CFD314616AB3246C8
:107BB000384600F0A5FF16A808F08CFC9D499E48A9
:107BC000FDF716FB9D4B1A7802B3E168002616A854
:107BD00004F12C051E7000F0E7FC16A9284608F0F9
:107BE0001BFD16A808F076FCA768294616A808F021
:107BF00008FD314616AB0122384600F081FF16A879
:107C000008F068FC8E498C48FDF7F2FA8D4D2B7810
:107C1000002B00F089800AF03FFE8B4908F021FF1D
:107C200089498548FDF7E4FA002320462B70FEF7CA
:107C30008FFB0AF031FE854908F013FF84480BF0F2
:107C4000E1FC002800F0BF800AF026FE8149824E48
:107C500008F007FF08F092F80746002800F0998026
:107C60007E4F3B78002B3FD106ADA06800F0B6FFF9
:107C700029460A2208F0B2FB794B1A680592FEF7F2
:107C800083FA01460EA8FDF715FC0E9B0493FEF740
:107C90007BFA014612A8FDF71DFBE168DDF848807C
:107CA00016A800F099FA1699CDF80080DDE90432A3
:107CB000CDE901510AA86B4908F02CFE16A808F07E
:107CC00009FC12A808F006FC0EA808F003FC0A9AAA
:107CD000654916A8FEF7BCF917A8FEF723FB012398
:107CE0000AA83B7008F0F6FB0AF0D6FD5F4908F0E1
:107CF000B8FE33785E4A01331278DBB29A423370B1
:107D000012D8002516A8CDE916553570ADF860508B
:107D10008DF862500AF067FA4D482B4640682A46B3
:107D2000294607F0CBFF3D7060691AB0BDE8F0410D
:107D3000FDF702BE01232B60A0E52B79002B3FF459
:107D4000EEADEB889FED4B7A07EE903AF8EEE77ACE
:107D5000C7EE877A17EE900AFCF7C6FA0B46A968B9
:107D600000910246444916A808F0D4FD169A4349EA
:107D700012A8FEF76DF913A8FEF7D4FA00232B71B1
:107D800016A8CAE53E492C48FEF7E6F998E63D49B3
:107D9000F9E70AF081FD3C4908F063FEA06902F0B2
:107DA000C1F8054630B10AF077FD384908F059FEB0
:107DB0003770B9E70AF070FD354908F052FE354BCF
:107DC00035701D80B0E70AF067FD3349314E08F089
:107DD00048FE324B9FED327AD3ED007A358867EE5C
:107DE000877A0135F5EEC07AADB2F1EE10FA17EEF2
:107DF000900A358015DBFCF777FA2A4B0022FCF756
:107E000015F9FCF779FDA8428EDC114800231A46CB
:107E10001946406807F04AFF07F0A8FF00233380A7
:107E200082E7FCF761FA1F4B0022FCF7FDF8E8E758
:107E3000D9610C007A5C0C00D0DE0320CED6032082
:107E4000825C0C00CCD60320915C0C00A45C0C007E
:107E500070DF0320B45C0C00DDD60320DCD60320E9
:107E6000BCD60320CC5C0C00DB5C0C00E05C0C009E
:107E7000A1D3032000007A44775B0C00E9540C0086
:107E8000285C0C00575C0C00FF5C0C00225D0C00B1
:107E90003E5D0C00A2D303205B5D0C009CD303204D
:107EA000000070420000E03F38B510EE100AFCF709
:107EB0001BFA1FA3D3E9002304460D46FCF7FCFC84
:107EC00058BB1DA3D3E9002320462946FCF7F4FC48
:107ED00028BB1BA3D3E9002320462946FCF7ECFC72
:107EE000F8B919A3D3E9002320462946FCF7E4FC9E
:107EF000C8B917A3D3E9002320462946FCF7DCFCC8
:107F000098B915A3D3E9002320462946FCF7CAFCFB
:107F1000002814BF0A20002038BD6420FCE7502050
:107F2000FAE73C20F8E72820F6E71420F4E700BF42
:107F3000C3F5285C8FC210400AD7A3703D0A1040D9
:107F4000E17A14AE47E10E4052B81E85EB510E4067
:107F50009A99999999990D40CDCCCCCCCCCC0C4028
:107F600010B504468AB008464FF0200C0021CDE938
:107F70000023CDE902C10B4602AA216807F0F4FDF7
:107F80000AB010BD0EB403B503AB322153F8042B75
:107F90000193FFF7E5FF02B05DF804EB03B0704713
:107FA0000022027042708270C270704710B5037870
:107FB00004460BB100230370642009F045FE63788A
:107FC0000BB100236370642009F03EFEA3780BB16F
:107FD0000023A370642009F037FEE3780BB100237F
:107FE000E370642009F030FE012010BD38B56B212C
:107FF0000446094803F013FC054638B10749084810
:10800000FDF7F6F801232370207838BD05490448B0
:10801000FFF7B8FF2570F7E740D70320745D0C0029
:10802000D0DE0320985D0C00F8B52DED028B0378AF
:108030000646002B45D02648264D03F049FCB0EEFD
:10804000408A07F029FB244BD3ED007AF5EEC07A85
:10805000F1EE10FA044611D583ED008A2C6018EE7B
:10806000100AFCF741F902460B461C481C49FDF773
:10807000BFF8B0EE480ABDEC028BF8BD78EE677A27
:108080009FED187AF0EEE77AF4EEC77AF1EE10FA87
:10809000E2DC2A68144B821A9A42E0D9134F144941
:1080A0003B68C31A8B42DAD912490C48FEF754F8E0
:1080B00030463C60FFF79AFF0121054803F09BFB27
:1080C000CCE70D4905489FED0D8AFEF745F8D0E74E
:1080D00040D7032038D70320A4D30320D0DE0320C9
:1080E000FD5D0C000AD7233C9FBB0D003CD703204D
:1080F0001FBF0200BC5D0C00145E0C0000000000FD
:10810000037813B1024803F023BC9FED020A7047C5
:1081100040D7032000000000037813B1024803F0A9
:1081200021BC9FED020A704740D7032000000000E9
:10813000037813B1024803F0DDBB9FED020A7047DC
:1081400040D7032000000000037813B1024803F079
:10815000F5BB9FED020A704740D7032000000000E6
:10816000037813B1024803F0D7BB9FED020A7047B2
:1081700040D7032000000000037813B1024803F049
:1081800003BC9FED020A704740D7032000000000A7
:10819000007810B1014803F00BBC704740D70320B2
:1081A000007810B1014803F00ABC704740D70320A3
:1081B000007810B1014803F061BB704740D703203D
:1081C00008B503782BB1FFF72FFFBDE80840FFF794
:1081D0006BBE184608BD0000F0B50B7891B005469F
:1081E0000C46002B39D01F4908A808F0BEF92046DC
:1081F000FFF71AFF10EE107AFFF756FE07902046A1
:10820000FFF78AFF204610EE106AFFF779FF10EEA5
:10821000100AFCF769F8CDE904013846FCF764F868
:10822000CDE902013046FCF75FF8079ACDE900017D
:108230000D490CA808F06EFB0CA908A808F0ECF991
:108240000CA808F047F908A9284608F0C0F908A8C2
:1082500008F040F9284611B0F0BD044908F085F94E
:10826000F8E700BF7F6F0C00455E0C005E660C00F7
:1082700030B50D4689B01149044608F076F92B78DF
:10828000C3B10F4803F0A2FB03900D4803F0AFFB0E
:1082900002900B4803F0A4FBDDE90232094900908B
:1082A00004A808F037FB04A9204608F0B5F904A893
:1082B00008F010F9204609B030BD00BF575E0C0031
:1082C00040D703205D5E0C002DE9F04F2DED028BB1
:1082D0000B7899B005460C4643B93B4908F045F97F
:1082E000284619B0BDEC028BBDE8F08F0846FFF7B9
:1082F0005FFF18B935493648FDF72EFF2046FFF7D6
:1083000093FE2046B0EE408AFFF7FAFE204610EEBC
:10831000107AFFF701FF10EE106AB0EE480AFFF77F
:10832000C3FD2146139014A8FFF7A2FF2046FFF7D4
:10833000FFFE204610EE109AFFF706FF204610EED3
:1083400010AAFFF70DFF204610EE10BAFFF714FF3A
:10835000204610EE108AFFF71BFF12902046FFF711
:108360001FFF04464046FBF7BFFFCDE9100158460A
:10837000FBF7BAFFCDE90E015046FBF7B5FFCDE99B
:108380000C014846FBF7B0FF129B0793CDE90A01A9
:10839000149B069338460894FBF7A6FFCDE9040129
:1083A00018EE100AFBF7A0FFCDE902013046FBF7FB
:1083B0009BFF139ACDE900012846064908F0AAFA66
:1083C00014A808F087F88BE767660C00665E0C005F
:1083D000D0DE0320A25E0C0038B504460022012541
:1083E0000548402105F0FEFA044905486570FCF790
:1083F000FFFE284638BD00BF4CD70320115F0C009C
:10840000D0DE03207FB54B780446F3B1114805F068
:108410006DFB104810EE106A05F098FB304610EE28
:10842000105AFBF761FF02460B462846CDE90223AE
:10843000FBF75AFFDDE90223CDE90001064920469A
:1084400008F068FA204604B070BD044908F08DF8C1
:10845000F8E700BF4CD703204D5E0C0064660C00AB
:1084600038B50446012201250548452105F0BAFA30
:1084700004490548A570FCF7BBFE284638BD00BF7F
:1084800060D703203B5F0C00D0DE032010B5012431
:10849000C47003490348FCF7ABFE204610BD00BF83
:1084A000645F0C00D0DE032010B5037804460BB9DE
:1084B000FFF79CFD642009F0C7FB637813B92046E1
:1084C000FFF78AFF642009F0BFFBA37813B92046A9
:1084D000FFF7C6FF642009F0B7FBE37813B9204625
:1084E000FFF7D4FF642009F0AFFB012010BD0000AE
:1084F00010B50B78044673B1094803F033FA10EE57
:10850000100AFBF7F1FE02460B462046054908F02B
:1085100001FA204610BD044908F027F8F9E700BF2A
:1085200040D70320A05F0C0064660C0008B5074824
:1085300003F0EAF8064805F054FA064805F051FA47
:10854000BDE808400448002109F028BD40D70320B9
:108550004CD7032060D7032044D7032010B504462E
:1085600088B00E480BF04EF898B10C4968460AF0F6
:10857000F5FB684609F0A4FB10EE100AFBF7B4FE09
:1085800002460B462046064908F0C4F9204608B0CA
:1085900010BD0449204607F0E8FFF7E770DF03202D
:1085A000B2660C0067660C0030B50C4689B04149D4
:1085B000054607F0DAFF23783BB12046FFF7F8FDC8
:1085C00018B93D493D48FDF7C7FD21466846FFF70C
:1085D00003FE694604A808F014F8394904A808F015
:1085E000E9F80146284608F0C8F804A807F072FF29
:1085F000684607F06FFF21466846FFF739FE694677
:1086000004A807F0FEFF2E4904A808F0D3F801469D
:10861000284608F0B2F804A807F05CFF684607F0A7
:1086200059FF21466846FFF763FF694604A807F033
:10863000E8FF234904A808F0BDF80146284608F0E1
:108640009CF804A807F046FF684607F043FF214660
:108650006846FFF7D7FE694604A807F0D2FF18491D
:1086600004A808F0A7F80146284608F086F804A8F0
:1086700007F030FF684607F02DFF2046FFF790FD1A
:108680001049024604A808F045F904A9284608F054
:1086900074F804A807F01EFF214604A8FFF75EFF48
:1086A00004A9284608F069F804A807F013FF284633
:1086B00009B030BD7F6F0C00A85F0C00D0DE032036
:1086C000DD5F0C00DB5F0C0070B50C1E0646154626
:1086D0000BDA0A2A09D12D2108F0B0F96142EAB279
:1086E0003046BDE8704008F0C8B92146F7E74B684E
:1086F00043608B688360CB68C36030B500F11003C2
:1087000001F10F0200F11D0412F8015F03F8015B93
:10871000A342F9D10B6A036230BD0000142310B5E7
:108720000360082304460B490371184407F01DFF3A
:1087300004F1180003F064FB00230122C4E90F23B5
:1087400084F8443004F148000AF028FF024B6366C5
:10875000204610BD67660C005B5E0C0010B5044639
:10876000183003F0EFFA044803F02AFD002384F8E0
:108770004430012010BD00BFF4DA032070B5754904
:108780000546ADF5866D744803F0D2FD05F1180479
:10879000B8B9704A7049162312A803F085FD12A9D2
:1087A0002046FFF7A4FF03F071FB20B10AF074F834
:1087B0006A4908F056F90123EB6301200DF5866D37
:1087C00070BD204603F062FB88B9624A62491623F5
:1087D00012A803F069FD12A92046FFF788FF03F0F5
:1087E00055FB0028E7D00AF057F85D49E1E720463D
:1087F00003F04CFBA8B10AF04FF85A4908F01AF9F7
:108800000AF04AF80646204603F01DFB0A220146FC
:10881000304608F032F9304608F017F9204603F0E8
:1088200029FB09F0FFF9039009F0F0F9029009F033
:10883000D5F9064609F0DEF9DDE90232CDE900603E
:10884000494905A808F066F8484912A807F08DFEC6
:1088500005A912A807F0A2FF014605A807F0C2FE6D
:1088600012A807F037FE05A912A807F0CAFE404972
:1088700012A807F09FFF014605A807F0B3FE12A853
:1088800007F028FE09A8059A3349162303F00CFDCA
:1088900009A803F0FBFA002843D02F492D4A12A85B
:1088A000012303F001FD12A92046FFF720FF4FF43A
:1088B0007A7212A9204603F0B9FA024638B112A919
:1088C00009A803F027FA09A803F03CFAEFE709A882
:1088D00003F0D0FA204603F0CDFA09F0DDFF254978
:1088E00008F0BFF8204603F097FA01461A4803F053
:1088F00049FD184A1849162312A803F0D5FC12A9FD
:108900002046FFF7F4FE03F0C1FA80B909F0C4FF76
:10891000194908F0A6F80123EB6305A807F0DAFD72
:108920004BE709F0B9FF154908F09BF8E1E709F0BA
:10893000B3FF1349044612A807F017FE05A912A8B1
:1089400007F02CFF0168204608F08BF812A807F00A
:10895000C1FDE0E768630C00F4DA0320DF5F0C0080
:10896000F25F0C0008600C001B600C0030630C0010
:108970006E630C002C600C0050600C003F600C001B
:1089800069600C001FB50446684607F0FFF96946A8
:1089900004F1080007F040FE684607F09BFDC8237D
:1089A000236009F079FF284908F05BF8217927480E
:1089B00003F04AFB84F8440020B909F06DFF244914
:1089C00008F04FF809F068FF224908F04AF8002241
:1089D0000721214804F0F4FD09F05EFF1F4908F06B
:1089E0004AF809F059FF0368DB6998471C491748A2
:1089F00003F0ACFC20B909F04FFF1A4908F031F838
:108A00001949124803F0A2FC20B909F045FF1749A3
:108A100008F027F812490D4803F08AFC20B109F04C
:108A20003BFF134908F01DF80F49084803F080FC8C
:108A300020B109F031FF0F4908F013F82046FFF785
:108A40009DFE012004B010BD84600C00F4DA032008
:108A50009D600C00B6600C002CDB0320F0600C0065
:108A6000E6610C000F610C0005620C0041610C0016
:108A700072610C0086610C0070B50D46044609F069
:108A80000BFF1C4907F0D6FF04F1180609F004FF9C
:108A9000296807F0E6FF2968304607F0E2FF304614
:108AA00003F050F906F0F8FDE36B20640133E36353
:108AB00009F0F2FE104907F0BDFF09F0EDFEE16B91
:108AC0000A22054607F0D9FF284607F0BEFFE36BF0
:108AD0002268B3FBF2F102FB11334BB909F0DCFE63
:108AE000064907F0BEFF2046FFF748FE0123E36377
:108AF00070BD00BF99610C00A9610C00C7610C003A
:108B0000F0B593B01E468368059204930D46044663
:108B1000FDF73AFB01460AA8FCF7CCFC0A9FFDF7DB
:108B200033FB01460EA8FCF7D5FB316802910E9984
:108B3000DDE90432CDE9007106A8244907F0EAFE18
:108B40000EA807F0C7FC0AA807F0C4FC06A90EA8E7
:108B500007F057FD0EA92046FFF78EFF0EA807F07D
:108B6000B9FC09F099FE1A4907F07BFF012D27D1C6
:108B700007F004F920B3069C164B20461D780CB173
:108B8000FCF7FCF800233C22CDE9003212498DF8B5
:108B90000850034622460EA809F03EFC0F9C7CB10B
:108BA0006368013B63605BB9236820469B68984714
:108BB000A368013BA3601BB923682046DB68984784
:108BC00006A807F087FC13B0F0BD00BFD6610C000B
:108BD0007F6F0C0074D70320DB5C0C0010B59CB0D9
:108BE00001A803F00DF90AA803F00AF91A4A1B4973
:108BF000012313A803F058FB13A901A8FFF777FD81
:108C000003F044F9044638B909F046FE144907F068
:108C100028FF20461CB010BD012201A913A803F0B3
:108C2000BFFB13A90AA8FFF762FD00240AA803F0FE
:108C30002DF968B10AA803F01DF901A913A80122B2
:108C400003F0AEFB13A90AA80134FFF750FDEDE7CE
:108C500001A803F00FF9DCE7E5610C00F4DA03206A
:108C6000EC610C002DE9F0430746ABB044480D46DB
:108C7000444903F05DFB0646002837D021A8414A4D
:108C80003F49012303F010FB21A803F0FFF858B37C
:108C900021A803F0D8F8044621A803F0EBF806A8B1
:108CA000394A3749012303F0FFFA06A803F0EEF82A
:108CB000002845D0012206A918A803F071FB4FF047
:108CC000000818A803F0E2F890B118A803F0D2F851
:108CD00006A921A8012203F063FB21A918A808F125
:108CE0000108FFF704FDECE70446D8E70446D6E7A1
:108CF00006A803F0BFF80FA8244A2149012303F076
:108D0000D3FA0FA803F0C2F8002836D001220FA929
:108D100018A803F045FB4FF0000918A803F0B6F8B7
:108D200088B118A803F0A6F80FA921A8012203F022
:108D300037FB21A918A809F10109FFF7D8FCECE7D6
:108D40004FF0FF38D7E70FA803F094F82B6C1BB156
:108D500006F0A2FC2B6CC31A0493EB6B95F844202D
:108D60000B49CDE902933846CDE90048334607F078
:108D7000D1FD38462BB0BDE8F0834FF0FF39E5E771
:108D8000F4DA032068630C00E5610C0004620C0057
:108D90000A620C00F0B5A9B00DA80C4603F030F83B
:108DA00016A803F02DF85249012322461FA803F00C
:108DB0007BFA1FA916A8FFF79AFC03F067F848B9D9
:108DC00009F06AFD214607F035FE09F065FD4949C5
:108DD00007F047FE012216A91FA803F0E1FA1FA918
:108DE0000DA8FFF784FC444E444D454F0DA803F0F9
:108DF0004DF8002877D0314601A807F0B6FB16A839
:108E000003F00AF82946FBF7AFFF002844D10DA86C
:108E100003F002F801461FA807F0A7FB1FA901A84D
:108E200007F0FAFB1FA807F055FB09F035FD019983
:108E300007F000FE09F030FD394607F0FBFD09F0B0
:108E40002BFD04460DA802F0FEFF0A220146204633
:108E500007F013FE204607F0F8FD0DA802F0DEFF34
:108E600004460DA803F006F84CB90199204803F018
:108E700089FA20B909F010FD224907F0F2FD01221C
:108E800016A91FA803F08CFA0DA81FA9FFF72FFC45
:108E900001A807F01FFBA9E716A802F0BDFF0146D5
:108EA00005A807F062FB05A909A807F0AAFB294657
:108EB00009A807F07FFC04460DA802F0ADFF0146AB
:108EC0001FA807F052FB1FA9204607F067FC0146C8
:108ED00001A807F087FB1FA807F0FCFA09A807F014
:108EE000F9FA05A89FE716A802F0C4FF29B0F0BD63
:108EF000F4DA03205D620C007F6F0C003C630C0011
:108F00006D620C0074620C0038B504460D460D49C4
:108F1000FFF740FF0C492046FFF73CFF5DB10B49CE
:108F20002046FFF737FF0749094803F01DFA0649B5
:108F3000074803F019FA09F0AFFC064907F091FD64
:108F4000012038BDE5610C0004620C003C630C009C
:108F5000F4DA032087620C0010B5044609F09CFC8B
:108F6000254907F07EFD94F844306BB921792348F8
:108F700003F06AF884F8440030B909F08DFCBDE8CC
:108F800010401F4907F06DBD09F086FC1D4907F030
:108F900068FD04F1180002F06DFF01212046FFF783
:108FA000B3FF09F079FC184907F05BFD1749134836
:108FB00003F0CCF9C0B909F06FFC154907F051FD79
:108FC00014490E4803F0C2F990B909F065FC124942
:108FD00007F047FD09F060FC104907F042FD20460C
:108FE000BDE81040FFF7CABB09F056FC0C49E5E7A5
:108FF00009F052FC0B49EBE794620C00F4DA032011
:10900000AF620C00C1620C00D7620C00E6610C007C
:109010000F610C0005620C0041610C0012630C0032
:10902000E9620C00FE620C0030B5A9B009F034FC16
:109030004A4907F016FD04A8494A4A49012303F0AA
:1090400033F904A802F022FF002835D0012204A938
:1090500016A803F0A5F9444D16A802F017FF40B377
:1090600009F01AFC294604461FA807F07EFA16A844
:1090700002F0D2FE01460DA807F077FA0DA91FA84D
:1090800007F08CFB0168204607F0EBFC0DA807F009
:1090900021FA1FA807F01EFA16A802F0EBFE04A999
:1090A0001FA8012203F07CF91FA916A8FFF71FFBD8
:1090B000D2E704A802F0DEFE0DA82C4A29490123BC
:1090C00003F0F2F80DA802F0E1FE002835D00122ED
:1090D0000DA916A803F064F9254D16A802F0D6FED6
:1090E00040B309F0D9FB294604461FA807F03DFA12
:1090F00016A802F091FE0146684607F036FA694666
:109100001FA807F04BFB0168204607F0AAFC684641
:1091100007F0E0F91FA807F0DDF916A802F0AAFE93
:109120000DA91FA8012203F03BF91FA916A8FFF7FC
:10913000DEFAD2E70DA802F09DFE0E49094803F0C1
:10914000F7F820B109F0A8FB0B4907F08AFC09F0F9
:10915000A3FB0A4907F085FC29B030BD24630C004D
:10916000E5610C00F4DA03202F630C0004620C00AC
:1091700037630C0068630C003E630C004A630C000C
:1091800038B5044604F1180509F086FB144907F0C8
:1091900068FC284602F07AFE10B1284602F06AFE0A
:1091A00010492046FFF7F6FD0F492046FFF7F2FD74
:1091B0000E490F4803F0BCF840B10C490C4803F0CD
:1091C000E1F809F069FB0B4907F04BFC09F064FB7F
:1091D000094907F046FC2046BDE83840FFF7CEBA03
:1091E00053630C00E5610C0004620C0068630C0022
:1091F000F4DA032060630C0073630C0030B500F1F7
:109200001805D3B028460C4602F040FE10B128469F
:1092100002F098FD09A82B490123224603F044F8E7
:1092200009A802F033FE30B909F036FB264907F0F1
:1092300018FC53B030BD09F02FFB2449054612A895
:1092400007F093F9214605A807F08FF905A912A8A0
:1092500007F0A4FA0168284607F003FC05A807F008
:1092600039F912A807F036F94FF4807212A909A84B
:1092700002F0DCFD054638B109F00EFB03682A4612
:10928000DB6812A99847EFE709A802F0F3FD09F09F
:1092900003FB0F49054605A807F067F9214601A819
:1092A00007F063F901A905A807F078FA01682846D4
:1092B00007F0D7FB01A807F00DF905A807F00AF998
:1092C000B7E700BFF4DA03207E630C009A630C005A
:1092D000A6630C00014B00221A70704774D703205C
:1092E0002DE9F04F4B1CADF2844D05460C461CD1C8
:1092F000FFF774FC044609F0CFFA944907F0B1FB7C
:10930000934A944901230BA802F0CEFF0BA802F068
:10931000BDFD064678B909F0BFFA8F4907F0A1FBF9
:1093200030460DF2844DBDE8F08FFFF757FCA042A8
:10933000E1DA2846DCE709F0AFFA0A222146FFF716
:10934000C3F9483509F0A8FA844907F08AFB844933
:1093500000234FF48062284609F024FF07460028C6
:1093600000F0F08009F098FA7E49DFF818A2DFF8E3
:1093700018B207F076FB14A802F042FD4FF0000986
:109380004C4540F3D98001220BA926A803F008F828
:1093900026A914A8FFF7ABF902F078FD074628B913
:1093A00009F07AFA704907F05CFBC9E06F4926A81A
:1093B00007F0DBF814A802F02FFD01461DA807F006
:1093C000D4F81DA926A807F0E9F9014603A807F07B
:1093D00018F91DA807F07EF826A807F07BF809F019
:1093E0005BFA514607F026FB09F056FA039907F09D
:1093F00038FB09F051FA594607F01CFB14A802F09B
:1094000022FD804609F048FA0A2207464146FFF746
:109410005BF9384607F019FB14A802F014FD78B385
:10942000404606F0DBFC1FFA88F20746014614A806
:1094300002F0FCFC09F030FA4D4907F012FB09F08C
:109440002BFA394607F00DFB42463946284609F00B
:10945000FEFD019009F020FA464907F0EBFA09F009
:109460001BFA019B0A2219468046FFF72DF9404658
:1094700007F0EBFA284609F019FE384606F0B6FC6C
:1094800014A802F0F7FC3C4926A807F06EF814A8CF
:1094900002F0C2FC01461DA807F067F81DA926A826
:1094A00007F07CF9014607A807F0ABF81DA807F004
:1094B00011F826A807F00EF81DA8079A25491623CB
:1094C00002F0F2FE1DA802F0E1FC60B32149039A0C
:1094D00026A8012302F0E8FE26A914A8FFF707F941
:1094E0004FF47A7226A914A802F0A0FC024638B103
:1094F00026A91DA802F00EFC1DA802F023FCEFE730
:109500001DA802F0B7FC14A802F0B4FC039911489E
:1095100002F038FF07A806F0DDFF03A806F0DAFF27
:1095200009F101092CE709F0B7F9144907F099FA94
:1095300014A802F09FFCEDE7284609F0E5FF374646
:109540003E46EDE609F0A8F90D492CE7B0630C00A2
:10955000E5610C00F4DA0320EC610C00C5630C003B
:10956000E2630C00EC630C000F640C0030630C0031
:109570005E640C0082640C0038630C009A640C007A
:10958000C2640C0047640C0057640C0038B50446F4
:10959000002500F8045B044906F0E7FFC4E905551F
:1095A000E561204638BD00BF67660C0038B504464B
:1095B00018252A4600210BF02BFC25804FF400755E
:1095C0000649A560284625610AF016FA034960603D
:1095D00028460AF011FAE060204638BD74750C0088
:1095E00010B586B009F058F9164907F03AFA0AF0B2
:1095F000DDF909F0B9FC1824642008F025FB2246A7
:10960000002168460BF004FC0F4B104A01934FF405
:109610008073CDE9032300221146104602936B4666
:10962000ADF8004006F058F90AF0C0F9084909F011
:1096300091FC09F031F9074907F013FA012006B04F
:1096400010BD00BFE7640C008CD703208CD803202A
:10965000A086010013650C0007B5C07D60B10093C2
:10966000074813460A46002100F0F5FF044803B0FE
:109670005DF804EB00F08ABF03B05DF804FB00BFA7
:10968000B4D9032038B5C47D05464CB90A4800F06A
:10969000F5FF044630B909F0FFF8084907F0E1F991
:1096A000204638BD0123EB7500231A464FF6FF71A3
:1096B0002846FFF7D1FFF3E7B4D9032022650C0059
:1096C0002DE9F843384E336805463BB90520FBF7D2
:1096D00098FB044608B100F027FD34600121306892
:1096E00000F0D2FE4FF4FA6008F0AEFA2F480021E5
:1096F00004F08CFC044630B909F0CEF82C4907F090
:10970000B0F92C7034E0294FDFF8B880DFF8B8905A
:109710000026384604F093FE90B309F0BDF84146A8
:1097200007F0A9F90121384604F01CFD642008F077
:109730008BFA66B109F0B0F81E4907F092F9D3210F
:10974000384604F00FFD4FF4FA6008F07DFA00216E
:10975000384604F007FD044668B109F09DF8164943
:1097600007F07FF901232B704FF47A7008F06CFA40
:109770002046BDE8F88309F08FF8494607F071F9F3
:10978000013609F089F80D493246FBF75BFF4FF4CB
:109790007A7008F059FA032EBBD109F07DF8084918
:1097A00007F05FF90024ACE7F0DA0320C0D903200A
:1097B00041650C0083650C009D650C00E7650C009D
:1097C0000C660C0073650C00C5650C0010B510210B
:1097D0000446064804F05FFE20B109F05DF8044934
:1097E00007F03FF900232370012010BDC0D90320EA
:1097F00034660C0010B5037804460BB1FFF7E6FFA2
:10980000642008F021FA237D0BB100232375642026
:1098100008F01AFA637D0BB100236375642008F029
:1098200013FAA37D0BB10023A375642008F00CFA92
:10983000012010BD2DE9F0410B78B0B00546002B9A
:1098400000F0F8807F4CDFF808827F4F7F4E0023C6
:1098500023704146384604F089FE3070002800F03D
:10986000ED802378C8200133237008F0EDF93378B8
:10987000002B00F0E3802378092BEAD9744C75495A
:10988000684606F072FE2068FAF72EFD02460B4687
:1098900004A8714907F03EF804A908A806F0B1FE33
:1098A0006E4908A806F086FF06466068FAF71CFDB8
:1098B00002460B460CA8684907F02CF80CA9304664
:1098C00006F06CFF654906F075FF0646A068FAF7DA
:1098D0000BFD02460B4610A85F4907F01BF810A9C4
:1098E000304606F05BFF5D4906F064FF0646E0681F
:1098F000FAF7FAFC02460B4614A8574907F00AF893
:1099000014A9304606F04AFF544906F053FF0646B4
:109910002069FAF7E9FC02460B4618A84E4906F002
:10992000F9FF18A9304606F039FF4C4906F042FF0E
:1099300006466069FAF7D8FC02460B461CA8464961
:1099400006F0E8FF1CA9304606F028FF434906F060
:1099500031FF0646A069FAF7C7FC02460B4620A86D
:109960003D4906F0D7FF20A9304606F017FF3B49D6
:1099700006F020FF0646E069FAF7B6FC02460B4601
:1099800024A8354906F0C6FF24A9304606F006FF94
:10999000324906F00FFF0646206AFAF7A5FC024698
:1099A0000B4628A82C4906F0B5FF28A9304606F03A
:1099B000F5FE2A4906F0FEFE0646606AFAF794FCB8
:1099C00002460B462CA8244906F0A4FF2CA93046D9
:1099D00006F0E4FE0146684606F004FE2CA806F0F8
:1099E00079FD28A806F076FD24A806F073FD20A8CE
:1099F00006F070FD1CA806F06DFD18A806F06AFDC3
:109A000014A806F067FD10A806F064FD0CA806F087
:109A100061FD08A806F05EFD04A806F05BFD69463E
:109A2000284606F0D4FD684606F054FD284630B0BE
:109A3000BDE8F0810A4906F098FDF7E7002323709E
:109A40001CE700BFB0D90320C0D90320B1D903203F
:109A5000C4DA032067660C0030590C00DD5F0C008F
:109A600052660C0038B50546642008F0EDF809F0A0
:109A70009DFF0146134801F081F9044608F00CFFF0
:109A800011492246FBF7DEFD3CB908F005FF0F49FE
:109A900006F0E7FF2C75204638BD0A4800F0FCFEB2
:109AA000084800F0B4FE642008F0CEF801232B75BE
:109AB0000023C5E9063308F0EFFE054906F0D1FFA3
:109AC000E9E700BF70DA03206A660C0087660C00C5
:109AD0009A660C00002303750120704770B52DEDC8
:109AE000028B0B7D84B006460C464BB3294800F030
:109AF000D3FE2848F0EE408A00F089FEF4EE408A5A
:109B0000F1EE10FAB0EE408A1AD60023A36118EEE7
:109B1000900AFAF7E9FB02460B4618EE100ACDE967
:109B20000223FAF7E1FBDDE90223CDE900011A493E
:109B3000304606F0EFFE304604B0BDEC028B70BD3F
:109B400005F0AAFDA369054603B9A061E3694EF6D5
:109B50005F22EB1A934209D9104AE5611368013379
:109B60001360002323752046FFF77CFFA2690C4B8E
:109B7000AA1A9A4209D90B490B48FEF703FA074A79
:109B800053680133536006F039FB0849304606F04C
:109B9000ECFCD0E770DA0320AD660C0010F4032073
:109BA000BF270900B7660C00D0DE032064660C00F6
:109BB00010B5044A04490446D2E9002306F0AAFE7F
:109BC000204610BD10F40320DB660C0010B5002108
:109BD0000446142009F012FE0120607510BD002318
:109BE000437501207047000010B54B7D04464BB112
:109BF000142009F040FE0A220146204606F049FDE5
:109C0000204610BD014906F0B0FCF9E767660C007C
:109C100038B5054608F040FE424906F022FF002113
:109C2000102009F0EBFD08F037FE3F4906F002FF77
:109C300008F032FE0446102009F00AFE3B4A3C4977
:109C4000002818BF1146204606F00BFF394805F0E2
:109C50001FFC642007F0F8FF0021364805F01AFBCE
:109C6000044608F019FE34492246FBF7EBFCFF2CB2
:109C700001D001342AD108F00FFE304906F0F1FE80
:109C800008F00AFE2E4906F0ECFE08F005FE2D490C
:109C900006F0E7FE08F000FE2B4906F0E2FE08F0B1
:109CA000FBFD2A4906F0C6FE08F0F6FD044610202A
:109CB00009F0CEFD1D4A1E49002818BF1146204656
:109CC000002406F0CEFEAC75204638BD19480021B0
:109CD00005F031FC1748232105F0C2FA012115488F
:109CE00005F019FB08F0D8FD0446124805F00CFBFE
:109CF000174902462046FBF7A5FC08F0CDFD0321DD
:109D000004460C4805F0C6FA1249024620460124D2
:109D1000FBF798FCAC7508F0BFFD0F4906F0A1FEFB
:109D2000D2E700BF01670C001A670C00F8660C0050
:109D3000FD660C008CD9032040670C0058670C00AE
:109D400082670C0094670C00A3670C00BB670C00D3
:109D5000D9670C00E9670C0000680C0000238375CC
:109D6000012070472DE9F0418B7D92B0044633B954
:109D7000204906F0FAFB204612B0BDE8F0811E4BE8
:109D80001E4E09930DF124080AAF042518F8011B93
:109D9000304605F072FA304605F0D8FA01463046F2
:109DA00005F018FA013DA7EC010AEFD10A98FAF77D
:109DB0009BFA02460B460D98CDE90623FAF794FA72
:109DC000CDE904010C98FAF78FFACDE902010B985E
:109DD000FAF78AFADDE90623CDE900010EA8084961
:109DE00006F098FD0EA9204606F0F1FB0EA806F03D
:109DF00071FBC0E75E660C000F1F2F3F8CD903205C
:109E000015680C0010B511210446124804F043FBFC
:109E100020B908F041FD104906F023FE2046FFF767
:109E200031FC00231A464FF6FF712046FFF714FC61
:109E30002046FFF7CBFE2046FFF714FE2046FFF733
:109E4000E7FE4FF47A7007F0FFFE2046BDE81040B1
:109E5000FFF736BCC0D9032029680C0010B51021CB
:109E600004460B4804F017FB20B108F015FD094922
:109E700006F0F7FD002320461A461946FFF7ECFBD3
:109E8000002363612046BDE81040FFF79FBC00BF80
:109E9000C0D9032034660C0013B5164C16482D2388
:109EA0002B22012100F042FB2378BFF35B8FDB07FD
:109EB0000AD4204605F0E2FF30B11048012106F037
:109EC00043F8204605F0E2FF0C4B01930423009376
:109ED0000023B0EE040A1A461021094805F0A8FA3A
:109EE000084803F045FE084802B0BDE8104000F005
:109EF0000DBC00BF7CD70320B4D9032080D703203A
:109F00008CD90320C0D9032070DA032070470023C6
:109F100001704370837080ED010A038180ED030AB4
:109F200018467047F8B5594E2DED028B0446304661
:109F300009F06CFB0546002855D008F0ADFC5449EB
:109F400006F08FFD23890133238108F0A5FC5149D8
:109F500006F070FD08F0A0FC218905460A2206F0F3
:109F60008CFD284606F071FDD4ED037A9FED4A7A08
:109F7000238967EE877A08EE103AF5EEC07AF1EEA3
:109F800010FAB8EEC88A17EE900A15DBFAF7ACF9AA
:109F9000424B0022FAF74AF8FAF7AEFC07EE900AB5
:109FA000F8EEE77AB4EEE78AF1EE10FA0BDA002564
:109FB000BDEC028B2846F8BDFAF796F9374B002224
:109FC000FAF732F8E8E708F067FC354906F049FD92
:109FD000002370681A461946002505F067FE05F053
:109FE000C5FE2581E4E708F057FC2E4906F039FD4F
:109FF0002A462946706805F051FE05460028D7D14B
:10A0000008F04AFC284906F02CFDA37853B3637886
:10A010000133637008F040FC244906F00BFD08F0A2
:10A020003BFC0A226178074606F027FD384606F019
:10A030000CFD627823789A42B9D308F02DFC1C49B4
:10A0400006F00FFDD4ED037A94ED017A706877EE97
:10A05000877A2B46C4ED037A2A46294605F02EFE60
:10A06000A570A5E70123A370657008F015FC0F49E2
:10A0700006F0E0FC08F010FC617806460A2206F0C3
:10A08000FCFC304606F0E1FC92E700BF70DF0320E5
:10A0900042680C0058680C00000070420000E03F6D
:10A0A0007A680C0094680C00A9680C00C3680C0066
:10A0B000DA680C0070B5064614460D4609F076FCC9
:10A0C000314608F085FF09F071FC036829469B685A
:10A0D000984709F06BFC036821469B68984709F094
:10A0E00065FCBDE8704008F07EBF38B504460D46FB
:10A0F00009F05CFC214608F06BFF09F057FC03688F
:10A1000029469B68984709F051FC08F06CFF09F05C
:10A110004DFC0122214608F058FF09F047FC036876
:10A120005B69984780B238BD70470000072A10B5B8
:10A130000446084613D8012B0BD10A4B9A5CE378EE
:10A1400023EA0203E370E2780321FFF7B3FF012063
:10A1500010BD23B90349E3788A5C1343F2E700207A
:10A16000F6E700BFA8D30320072A38B505460846FE
:10A170000DD808496C788A5C33B122436A7001219A
:10A18000FFF798FF012038BD24EA0202F6E700201D
:10A19000F9E700BFA8D3032038B505460C46017186
:10A1A00019B1012900F09E8038BD09F0FFFB08F0CD
:10A1B000D5FE21462020FFF798FF0121287020209E
:10A1C000FFF793FF022168702020FFF78EFF032125
:10A1D000A8702020FFF789FF2146E8702120FFF7B3
:10A1E00084FF012128702120FFF77FFF0221687082
:10A1F0002120FFF77AFF0321A8702120FFF775FFC8
:10A200000123E870224620212846FFF78FFF012313
:10A210001A4620212846FFF789FF2346224620219F
:10A220002846FFF7A1FF2346012220212846FFF7F9
:10A230009BFF0123042220212846FFF777FF0123FB
:10A24000052220212846FFF771FF234622462121BF
:10A250002846FFF76BFF2346012221212846FFF7FE
:10A2600065FF0123052221212846FFF75FFF012317
:10A27000062221212846FFF759FF0121132009F06A
:10A28000BDFA0121052009F0B9FA2146204609F05E
:10A29000B5FA2146142009F0B1FA642007F0D4FC85
:10A2A0002346052221212846FFF75EFF01230622CF
:10A2B00021212846FFF758FF234604222021284663
:10A2C000FFF752FF2346052220212846FFF74CFFC7
:10A2D0002146062009F0A3FA01211320BDE83840E9
:10A2E00009F09DBA09F062FB08F038FE09F05EFB48
:10A2F000184908F02FFE2146062009F07FFA214672
:10A30000052009F07BFA2146082009F077FA21465A
:10A31000072009F073FA0021152009F06FFA214691
:10A32000172009F06BFA0021122009F067FA0021CA
:10A33000062009F074FA0021052009F070FA0021C6
:10A34000082009F06CFA0021072009F068FA0021C2
:10A350001720C3E7A086010008B5037913B1012BCC
:10A3600012D008BD49B1012304222021FFF7FCFED1
:10A3700007490848FAF73CFFF3E70B46042220217F
:10A38000FFF7F2FE0449F4E70029FBD0F0E700BF35
:10A39000F5680C00D0DE032004690C0008B50279D2
:10A3A0000B4612B1012A11D008BD49B12121012368
:10A3B0000522FFF7D9FE0B490B48FAF719FFF3E71F
:10A3C00021210522FFF7D0FE0849F5E729B1114602
:10A3D000062009F024FA0649EEE7062009F01FFAE4
:10A3E0000449E9E714690C00D0DE032020690C0061
:10A3F0002D690C0040690C0008B5037913B1012BDD
:10A4000004D008BDBDE80840FFF7C8BF41B11946F8
:10A41000052009F004FA05490548FAF7E9FEF0E7D6
:10A42000052009F0FCF90349F6E700BF54690C0068
:10A43000D0DE032064690C0008B5037913B1012B49
:10A4400011D008BD41B106222121FFF78DFE0B4935
:10A450000B48FAF7CDFEF4E7012306222121FFF78E
:10A4600083FE0849F4E721B11946072009F0D7F91E
:10A47000EDE7072009F0D3F9F3E700BF92690C007C
:10A48000D0DE0320A1690C0008B502790B4612B199
:10A49000012A11D008BD49B1202101230522FFF76F
:10A4A00063FE0B490B48FAF7A3FEF3E720210522D0
:10A4B000FFF75AFE0849F5E729B11146072009F0D0
:10A4C000AEF90649EEE7072009F0A9F90449E9E7E2
:10A4D00075690C00D0DE032081690C008E690C00C8
:10A4E0009D690C0008B5037923B921B103490448DB
:10A4F000FAF77EFE08BD0349F9E700BF58690C0072
:10A50000D0DE032068690C0008B5037923B921B1B6
:10A5100003490448FAF76CFE08BD0349F9E700BF98
:10A52000AD690C00D0DE0320BB690C002DE9FF41B2
:10A530001D4647F67F73C17183804FF000087F236B
:10A5400001EB410183710446C0F8088089000220B4
:10A5500017460AF0F9FB20603820FAF752FC06464D
:10A5600068B1094BCDF80C800122CDE901326DB202
:10A570004FF0FF3300957AB2194601F03FFA2046BA
:10A58000A66004B0BDE8F08140420F002DE9F84F0D
:10A5900045790379044645EAC313857945EAC3152D
:10A5A00008F0A4FBA06845F0164501F09AFB45F4BD
:10A5B0004005C5F30747C5F307284FF0000AEDB281
:10A5C0004FF00C0994F907305FFA8AF69E422DDAB3
:10A5D0009621A06801F078FB3946A06801F074FB71
:10A5E0004146A06801F070FBA068294601F06CFBB1
:10A5F00009FB06F303F10B0B03F10043013B4FEAA8
:10A600004B0B5E002368A06833F80B10090A01F0B9
:10A610005BFB2368A06813F80B10ABF1020B01F091
:10A6200053FB5E45EED10AF1010ACBE7C82005F0E5
:10A630002BF8A06801F05CFBBDE8F84F08F058BBB0
:10A6400090F9073003EB4303B1EB830FDCBF0368E2
:10A6500023F81120704770B501EB41041D46BDF889
:10A6600010602146FFF7ECFF2A46611CFFF7E8FF68
:10A670003246A11CBDE87040FFF7E2BF036813B18A
:10A68000806801F03BBA18467047704710B510213A
:10A690000446FAF7BAFB204610BD0EB403B503AB6F
:10A6A000002153F8042B019306F005FA02B05DF87F
:10A6B00004EB03B07047000073B5044608462279E6
:10A6C000A36832B1A3B90B4902B0BDE8704006F0EF
:10A6D000B1B9094A267B094D0949647B012E18BF8F
:10A6E0002946CDE900140749FFF7D7FF02B070BD36
:10A6F000054AEFE7DC690C007F6F0C00D8690C009D
:10A70000D4690C00F2690C00CB690C000F4B104AA5
:10A7100010B5436000230372C3640E4BC26003652F
:10A7200001224FF4EC430446028280F84820038063
:10A7300009F03CF90A23A370074B636140F201134F
:10A7400023830023E064E361204610BD186A0C00F7
:10A7500020A1070080E6C5470300000107B501906E
:10A76000FBF76EFB019903B05DF804EB05F0A4BCA8
:10A77000F8B51E46037804460D46174613B1012B63
:10A7800025D0F8BD90F84830012BFAD14178C06C43
:10A7900008F01EFCE06C036839469B689847E06C43
:10A7A00008F021FC32466178E06C08F00EFC2E4483
:10A7B000E06C03681B6998470028E2D0B542E0D0FE
:10A7C000E06C03685B69984705F8010BF0E7FBF75D
:10A7D00037FB211D05F002FCA078002109F01FF8CD
:10A7E00047F08000FFF7BAFF2E44B54205D00020A5
:10A7F000FFF7B4FF05F8010BF7E7A078012109F096
:10A800000EF8FBF71DFBBDE8F84005F0CDBB13B516
:10A81000022301A9FD220446FFF7AAFFBDF8043078
:10A82000616C5BBA9AB2B4F93E301B05C3EB82335C
:10A83000B4F94020A1F5963000FB123303F58043B4
:10A84000DA1394F83C3094F9421043434143DB124D
:10A85000891203F500434B439B12B4F93A1003F5F8
:10A8600000134B4303F500539B135343DA1394F83F
:10A8700038105243D2114A43A3EB221323EAE37365
:10A88000B3F1C85FA8BF4FF0C8531B1300EE103AD6
:10A89000BAEECB0A02B010BD13B5032301A9FA2208
:10A8A0000446FFF765FF9DF805209DF804309DF8EC
:10A8B00006109FED157A120142EA0332238C42EA18
:10A8C0001111C3EB12125B00C3EBD103B4F92210D8
:10A8D000594302FB02F3B4F924201B1353439B1387
:10A8E00003EBE123636403EB830380331B1207EE66
:10A8F000903AF8EEE77A87EE870AD4ED077A30EEE1
:10A90000270A02B010BD00BF0000C84230B585B0B4
:10A9100000238DF80F30037804460A462BB1012B33
:10A9200027D09DF80F0005B030BD90F84850012D9C
:10A93000F7D101914178C06C08F04AFBE06C019AB4
:10A94000036811469B689847E06C08F04CFB6178FF
:10A95000E06C2A4608F039FBE06C03681B699847F5
:10A960000028DED0E06C03685B6998478DF80F0023
:10A97000F2E70DF10F01FFF7FBFED2E708B5F42176
:10A98000FFF7C4FF00F0030008BDF8B507780446E0
:10A990000E46154617B1012F17D0F8BD90F8483074
:10A9A000012BFAD14178C06C08F012FBE06C03680F
:10A9B00031469B689847E06C036829469B68984736
:10A9C000E06CBDE8F84008F00EBBFBF739FA211D3A
:10A9D00005F004FB0021A07808F021FF06F07F00BD
:10A9E000FFF7BCFE2846FFF7B9FEA078394608F00D
:10A9F00016FFFBF725FABDE8F84005F0D5BA0429A3
:10AA000038B50C4638BF0C464FF0F401054628BF58
:10AA10000024FFF77BFF00F0FC0044EA0002F42171
:10AA20002846BDE83840FFF7B0BF082938B50C46C6
:10AA300038BF0C464FF0F501054628BF0024FFF74C
:10AA400065FF00F01F0242EA44122846D2B2BDE878
:10AA50003840F521FFF799BF082938B50C4638BFB3
:10AA60000C464FF0F501054628BF0024FFF74EFFC6
:10AA700020F01C0242EA84022846D2B2BDE83840E7
:10AA8000F521FFF782BF0000102998BF104B70B569
:10AA900098BF5E5C044688BF0126FFF76FFF002168
:10AAA00005462046FFF7ABFFF4212046FFF72EFFB7
:10AAB00000F01F0242EA46122046F421D2B2FFF70C
:10AAC00064FF29462046BDE87040FFF798BF00BFED
:10AAD000246A0C00102998BF104B70B598BF5E5CBB
:10AAE000044688BF0126FFF749FF0021054620469E
:10AAF000FFF785FFF4212046FFF708FF20F01C0236
:10AB000042EA86022046F421D2B2FFF73EFF2946F0
:10AB10002046BDE87040FFF772BF00BF246A0C00FA
:10AB2000102998BF0F4B70B598BF5E5C044688BF74
:10AB30000126FFF723FF002105462046FFF75FFFB0
:10AB4000F2212046FFF7E2FE00F0F80040EA06029C
:10AB5000F2212046FFF719FF29462046BDE8704044
:10AB6000FFF74DBF246A0C0037B50446022007F0FA
:10AB70006BF8217801290CD10191FBF761F905F0FF
:10AB8000EDF90199A07808F039FE0199A07808F054
:10AB900046FED0212046FFF7B9FE582802D0602893
:10ABA00040F0EA8089212046FFF7B0FE8821054663
:10ABB0002046FFF7ABFE00EB052020848B212046CA
:10ABC000FFF7A4FE8A2105462046FFF79FFE00EB13
:10ABD000052060848D212046FFF798FE8C210546D4
:10ABE0002046FFF793FE00EB0520A0848F2120462E
:10ABF000FFF78CFE8E2105462046FFF787FE00EB0F
:10AC00000520E08491212046FFF780FE9021054633
:10AC10002046FFF77BFE00EB052020859321204690
:10AC2000FFF774FE922105462046FFF76FFE00EB0A
:10AC30000520608595212046FFF768FE9421054692
:10AC40002046FFF763FE00EB0520A08597212046F4
:10AC5000FFF75CFE962105462046FFF757FE00EB06
:10AC60000520E08599212046FFF750FE98210546F2
:10AC70002046FFF74BFE00EB052020869B21204657
:10AC8000FFF744FE9A2105462046FFF73FFE00EB02
:10AC9000052060869D212046FFF738FE9C21054651
:10ACA0002046FFF733FE00EB0520A0869F212046BB
:10ACB000FFF72CFE9E2105462046FFF727FE00EBFE
:10ACC0000520E086A1212046FFF720FEE22184F83E
:10ACD00038002046FFF71AFEE12105462046FFF71F
:10ACE00015FE00EB05206087E3212046FFF70EFEEE
:10ACF000E42184F83C002046FFF708FEE5210546E4
:10AD00002046FFF703FE00F00F0303EB0510E0877A
:10AD1000E6212046FFF7FAFDE52105462046FFF72C
:10AD2000F5FDC0F3071303EB0510A4F84000E7217D
:10AD30002046FFF7EBFD617D84F842002046FFF7D7
:10AD400074FEA17D2046FFF787FE217E2046FFF797
:10AD5000C1FE617E2046FFF7E3FEE17D2046FFF75E
:10AD600093FE20460321FFF74AFED021204603B080
:10AD7000BDE83040FFF7CABD03B030BD10B50022BA
:10AD80000124C16480F848400270FFF7EDFE5828A6
:10AD900004D0A0F160035842584110BD2046FCE7A2
:10ADA00010B504463AB903689B6898472046BDE849
:10ADB000104005F04ABED2B205F05FFEF6E7036828
:10ADC000C9B29B681847002202808270C170704728
:10ADD000C1707047C07870472DE9F04106461746AC
:10ADE000884608F0E3FDF17808F0F2F808F0DEFD9F
:10ADF000036839469B68984708F0D8FD08F0F3F8D7
:10AE0000044680BB08F0D2FDF178012208F0DDF89D
:10AE1000254608F0CBFD03681B69984730B108F060
:10AE2000C5FD03685B699847C5B2F2E77378ABB1BB
:10AE300007F032FD0D4905F004FE07F02DFD10224C
:10AE4000394605F01AFE07F027FD094905F0F9FD1E
:10AE500007F022FD10222946FFF7A2FF88F80050D4
:10AE60002046BDE8F0810124FAE700BF356A0C00F6
:10AE7000466A0C0070B5064614460D4608F096FD6D
:10AE8000F17808F0A5F808F091FD036829469B6861
:10AE9000984708F08BFD036821469B68984708F0A7
:10AEA00085FD08F0A0F8003818BF012070BD000033
:10AEB00038B5044608F07AFDE17808F089F808F022
:10AEC00075FD7F21FFF77BFF08F070FD0021FFF784
:10AED00076FF08F06BFD08F086F8054607F0DCFC0D
:10AEE0001C4905F0AEFD07F0D7FC0A222946FFF702
:10AEF00057FF3DB107F0D0FC174905F0BCFD012418
:10AF0000204638BD07F0C8FC144905F09AFD08F04A
:10AF10004DFDE17808F05CF808F048FD1D21FFF7D1
:10AF20004EFF08F043FD8021FFF749FF08F03EFD8A
:10AF300008F059F8044618B107F0AEFC0849DCE700
:10AF4000022006F081FE07F0A7FC064905F093FDFC
:10AF5000D6E700BF4C6A0C00616A0C00816A0C00E5
:10AF60009B6A0C00BB6A0C000378D0ED017A002BC1
:10AF700066D0B7EE007AF4EEC77AF1EE10FA03D598
:10AF800040F2145006F060BEB0EE087AF4EEC77AD4
:10AF9000F1EE10FA02D540F28A20F3E7B1EE087A1A
:10AFA000F4EEC77AF1EE10FA02D54FF4A570E9E796
:10AFB000B2EE087AF4EEC77AF1EE10FA01D5AA20C3
:10AFC000E0E7B3EE097AF4EEC77AF1EE10FA01D5B4
:10AFD0005A20D7E79FED297AF4EEC77AF1EE10FAFE
:10AFE00001D52D20CEE79FED267AF4EEC77AF1EE5B
:10AFF00010FA01D51920C5E79FED227AF4EEC77A41
:10B00000F1EE10FA01D50B20BCE79FED1F7AF4EEAC
:10B01000C77AF1EE10FA01D50620B3E79FED1B7A4F
:10B02000F4EEC77AF1EE10FA01D50420AAE79FEDFD
:10B03000187AF4EEC77AF1EE10FA1DD50320A1E7D5
:10B040009FED127AF4EEC77AF1EE10FA06D59FED75
:10B050000D7AF4EEC77AF1EE10FAE6DC9FED0C7A89
:10B06000F4EEC77AF1EE10FA06D59FED077AF4EE0A
:10B07000C77AF1EE10FAE1DC022083E700004842D3
:10B080000000C842000048430000C8430000484494
:10B090000000C84473B51B220E460DF1070105469A
:10B0A000FFF79AFE044680B99DF8072086B102F0AA
:10B0B0007E021B2128468DF80720FFF7DBFE0446A1
:10B0C0001EB910B92846FFF74FFF204602B070BDE9
:10B0D00042F08002EDE7000038B501210546FFF798
:10B0E000D9FF0446002840F0A380D5ED017AB7EEE1
:10B0F000007AF4EEC77AF1EE10FA67D4B0EE007A77
:10B10000F4EEC77AF1EE10FA62D4B1EE007AF4EE02
:10B11000C77AF1EE10FA5DD4B2EE007AF4EEC77A97
:10B12000F1EE10FA58D4B3EE007AF4EEC77AF1EEED
:10B1300010FA2BD4B3EE0E7AF4EEC77AF1EE10FAD1
:10B140004CD49FED3F7AF4EEC77AF1EE10FA47D473
:10B150009FED3C7AF4EEC77AF1EE10FA42D49FEDFF
:10B160003A7AF4EEC77AF1EE10FA3DD49FED377AD1
:10B17000F4EEC77AF1EE10FA38D49FED357AF4EE9A
:10B18000C77AF1EE10FA4CBF062407246B7853B14E
:10B1900007F082FB2F4905F054FC07F07DFB1022DD
:10B1A0002146FFF7FDFD224621212846FFF762FEDA
:10B1B000044600283CD12B78D3B16B7823B107F03B
:10B1C0006BFB254905F057FCC02412E00824DDE79D
:10B1D0000924DBE70A24D9E70B24D7E70124D5E7C4
:10B1E0000224D3E70324D1E70424CFE70524CDE7E5
:10B1F00080242B7A082B1DD0102B1ED0042B01D1BC
:10B2000044F008046B7853B107F046FB134905F08E
:10B2100018FC07F041FB10222146FFF7C1FD224632
:10B220001B212846FFF726FE04462846FFF79CFE12
:10B23000204638BD44F01004E4E744F00404E1E79C
:10B24000000070420000164300007A430000E14312
:10B2500000805444D26A0C00EA6A0C00FE6A0C00BA
:10B2600073B502700022044680ED010A01728270FB
:10B27000437023B107F010FB344905F0FCFB94ED5B
:10B28000017ADFED337AB4EEE77AF1EE10FA03DDFE
:10B2900023780BB90123237008F088FB07F0A6FE82
:10B2A00030B907F0F9FA2B4905F0E5FB012525E057
:10B2B00007F0F2FA284905F0DEFB322006F0C4FC64
:10B2C00007F0EAFA254905F0D6FB2046FFF7F0FD26
:10B2D000054607F0E1FA224905F0B3FB07F0DCFA76
:10B2E0000A220646294605F0C8FB304605F0ADFBAC
:10B2F0003DB107F0D1FA1B4905F0BDFB284602B06D
:10B3000070BD0F220DF106012046FFF765FD9DF887
:10B310000630352B03D007F0BFFA1349C4E70C22DF
:10B320000DF107012046FFF757FD9DF80730552B1B
:10B33000BCD1637823B107F0AFFA0C4905F09BFB51
:10B340002046FFF7C9FE0546D8E700BF126B0C0088
:10B3500000004843226B0C003D6B0C00616B0C003D
:10B36000796B0C00926B0C00B26B0C00D36B0C0071
:10B370002DE9F04F2DED028B85B00F469846012147
:10B380009DF840309DF84CB09DF850A09DF8544079
:10B39000019305469146B0EE408AFFF77BFE0646D4
:10B3A000002840F0F7809DF84820019B002A18BF34
:10B3B000082613B146F01006F6B214B146F0200686
:10B3C000F6B26B7853B107F067FA954905F039FB8F
:10B3D00007F062FA10223146FFF7E2FC32461E21E6
:10B3E0002846FFF747FD0446002840F0D2801B2284
:10B3F0000DF10F012846FFF7EFFC0446002840F04E
:10B40000C880BBF1000F05D09DF80F3043F0020358
:10B410008DF80F30BAF1000F05D09DF80F3043F0D2
:10B4200020038DF80F306B7853B107F035FA7D4962
:10B4300005F007FB07F030FA10223146FFF7B0FCA9
:10B440009DF80F201B212846FFF714FD0446002815
:10B4500040F09F80B5EEC08AF1EE10FA40F1A08076
:10B4600021220DF10F012846FFF7B6FC002840F01D
:10B470008F809DF80F300B2B01D86B4AD45C6B7812
:10B4800053B107F009FA694905F0DBFA07F004FA4D
:10B4900010222146FFF784FC22461D212846FFF793
:10B4A000E9FC0446002874D19DF84430002B6B78E9
:10B4B00014BF3F24BF2453B107F0EEF95C4905F0F7
:10B4C000C0FA07F0E9F910222146FFF769FC22468D
:10B4D0001F212846FFF7CEFC0446002859D16B787F
:10B4E000C7F3071453B107F0D7F9524905F0A9FA89
:10B4F00007F0D2F910222146FFF752FC22466A21BA
:10B500002846FFF7B7FC0446002842D16B783F017C
:10B51000FFB253B107F0C0F9474905F092FA07F0BE
:10B52000BBF910223946FFF73BFC3A466B2128460F
:10B53000FFF7A0FC044660BB6B7853B107F0ACF991
:10B540003E4905F07EFA07F0A7F910224946FFF7B9
:10B5500027FC4A4629212846FFF78CFC0446C0B93F
:10B560006B7853B107F098F9354905F06AFA07F09E
:10B5700093F910224146FFF713FC42462A21284640
:10B58000FFF778FC044620B901462846FFF782FD04
:10B5900004462646304605B0BDEC028BBDE8F08F70
:10B5A000F7EE007AB4EEE78AF1EE10FA3FF567AFF6
:10B5B000F0EE007AB4EEE78AF1EE10FA25D4F1EE5F
:10B5C000007AB4EEE78AF1EE10FA20D4F1EE0C7AAC
:10B5D000B4EEE78AF1EE10FA1BD4F2EE0A7AB4EE7A
:10B5E000E78AF1EE10FA16D4F3EE0A7AB4EEE78A9F
:10B5F000F1EE10FA11D4DFED137AB4EEE78AF1EE32
:10B6000010FA4CBF0624072439E7012437E7022447
:10B6100035E7032433E7042431E705242FE700BF8F
:10B62000E26B0C00FE6A0C008E6C0C00FA6B0C00D6
:10B630000E6C0C00266C0C00436C0C00606C0C0053
:10B64000796C0C0000004C42F0B52C4BC28840F2E3
:10B65000B271534364254FF4C876A1F2B274A2428A
:10B6600021DC02F2B27264214779B2FBF1F5244C7D
:10B67000DFF890C001FB15254FF4C871B2FBF1F65D
:10B6800001FB1626012102F003028F4222DD02296E
:10B690001BD1D2B905B9C6B903F5181303F56E531A
:10B6A00001310134F1E78C070DD191FBF5F405FB75
:10B6B000141424B991FBF6F406FB14141CB903F519
:10B6C000A83303F5C0730131C7E794F800E00CFB21
:10B6D0000E33E5E742788178C2EB02124FF46164E1
:10B6E000920004FB0122017800790A4405490138DF
:10B6F00001FB002018440021F0BD00BF8033E101B0
:10B700009A6C0C00805101006B230370704770B578
:10B71000064614460D4608F049F9317807F058FC02
:10B7200008F044F9036829469B68984708F03EF9F9
:10B73000036821469B68984708F038F907F053FCE6
:10B74000B0FA80F0400970BD38B504460D4608F0E7
:10B750002DF9217807F03CFC08F028F90368294608
:10B760009B68984708F022F9002107F038FC08F0A0
:10B770001DF92178012207F028FC08F017F9036869
:10B780001B69984728B108F011F903685B6998476D
:10B79000C0B238BD38B504460D4608F007F9217827
:10B7A00007F016FC08F002F9036829469B689847E1
:10B7B00008F0FCF8002107F012FC08F0F7F82178F7
:10B7C000022207F002FC08F0F1F803681B699847B1
:10B7D00001280EDD08F0EAF803685B699847044623
:10B7E00008F0E4F803685B69984740EA042080B2F7
:10B7F00038BD0020FCE738B50D462E210446FFF782
:10B80000A3FF4DB100F0BF0242F0800220462E217E
:10B81000BDE83840FFF77BBF00F07F02F6E710B5C8
:10B820000446017008F0C2F8217807F0D1FB08F057
:10B83000BDF807F0D8FB88B901212046FFF7DBFFF0
:10B8400060B114212046FFF77FFF40F02000C2B214
:10B8500014212046BDE81040FFF759BF002010BD5D
:10B8600010B510210446FFF76FFF40F00800C2B288
:10B8700010212046BDE81040FFF749BF10B504462F
:10B88000FFF7EEFF10B90024204610BD142120461A
:10B89000FFF75AFF40F02000C2B214212046FFF704
:10B8A00036FF0028EFD000212046FFF7A4FF002834
:10B8B000E9D00A2006F0C8F920460121FFF79BFFD6
:10B8C00004460028DFD0322006F0BEF9DCE7000095
:10B8D00008B53B21FFF75EFFF8F7F4FC044B0022AC
:10B8E000F8F784FEF9F750F800EE100A08BD00BF23
:10B8F00000408F4008B53521FFF74CFFF8F7E2FC18
:10B90000044B0022F8F772FEF9F73EF800EE100A39
:10B9100008BD00BF00408F4008B53D21FFF73AFF4A
:10B92000F8F7D0FC044B0022F8F760FEF9F72CF88A
:10B9300000EE100A08BD00BF00408F4008B531215D
:10B94000FFF728FF03B200EE103AB8EEC00A08BDB8
:10B9500008B53321FFF71EFF03B200EE103AB8EE30
:10B96000C00A08BD08B54121FFF714FFF8F7AAFC8B
:10B97000044B0022F8F710FDF9F706F800EE100A64
:10B9800008BD00BF0000E03F08B53F21FFF702FF00
:10B99000F8F798FC04A3D3E90023F8F7FDFCF8F7C7
:10B9A000F3FF00EE100A08BD0B462575029AB83F5A
:10B9B00008B51C21FFF7C8FEC0F3471008BD08B545
:10B9C0001C21FFF7C1FE00F00F0008BD08B5FFF70E
:10B9D000EFFF0138C0B205288CBF0020012008BD50
:10B9E00008B5FFF7E5FFC31F5842584108BD08B529
:10B9F000FFF7E5FF003818BF012008BD2DE9F84F1B
:10BA00009DF928908173C273437480F810900446A6
:10BA10008A4616461D469DF830809DF83470DFF842
:10BA2000D4B003F0B9FD4FEA0A1A10F80A20002A30
:10BA300014BF5A464FF0A04202F20452226203F0B1
:10BA4000ABFD8244B9F1FF3F9AF80120226312D086
:10BA500003F0A2FD4FEA091A10F80A30002B14BFB8
:10BA60005B464FF0A04303F20453636103F094FD7F
:10BA70005044437863626B1C10D003F08DFD2D01A0
:10BA80001C4A435D002B08BF4FF0A04202F5A262A2
:10BA9000E26103F081FD28444378A36203F07CFD5A
:10BAA00036010025835D002B124B08BF4FF0A043E9
:10BAB00003F20453A36103F06FFD064484F80C8085
:10BAC0007378E3620B9BA360677384F83450102093
:10BAD000F9F797F938B1084B03600B9B0571836048
:10BAE00080F80C8047730023606023602046BDE827
:10BAF000F88F00BF00030050186A0C0038B50446E8
:10BB000090F90E00411C09D0012180B207F076FEA9
:10BB100094F90E00012180B207F081FE256835B14D
:10BB2000284604F01BFA012084F8340038BD94F94B
:10BB30000F00012180B207F061FE637B94F90F00D2
:10BB4000012B94BF2946012180B207F068FE94F9C9
:10BB50001000421C09D0012180B207F04FFE94F979
:10BB60001000012180B207F05AFE94F91100431C25
:10BB7000D9D0002180B207F041FED4E72DE9F04F83
:10BB80000446006885B00D4640B10023009313467B
:10BB90000A4604F097FA05B0BDE8F08F237BA06851
:10BBA000484FB7FBF0F7002B0B780CBF4FF0010BA1
:10BBB0004FF0800B1BEA030F01EB02030CBF4FF0A9
:10BBC00001094FF00009FFB20393039BAB42E2D09F
:10BBD00095F800A05E464FF0000817B1384603F014
:10BBE00053FD637B13F0FD0F41D194F910305A1CC3
:10BBF0000FD01AEA060114BF012300234B4508D0D9
:10BC00006369606A1A6800292CD002431A604FF0F9
:10BC10000109A169E36A0A6813430B6017B138464A
:10BC200003F032FD94F91130013306D0E3691A684C
:10BC3000A36A1A4218BF46EA0808A169E36A0A68BB
:10BC400022EA03030B6094F91130013318BF85F821
:10BC50000080237B002B32D17600F6B2002EBCD1BF
:10BC60000135B2E722EA00021A608946D1E7A169EC
:10BC7000E36A0A6813430B6017B1384603F004FD0A
:10BC800094F91030013308D06369616A1A681AEABE
:10BC9000060F14BF0A438A431A60A169E36A0A685F
:10BCA00022EA03030B6094F911300133CBD0E3692E
:10BCB0001A68A36A1A4218BF46EA0808C3E776085A
:10BCC000CCE700BF20A1070007B501228DF80710BF
:10BCD0000DF10701FFF752FF9DF8070003B05DF873
:10BCE00004FB03681BB14168184604F077B970473C
:10BCF000006808B104F058B9704707B503688DF8BB
:10BD00000710DB6801220DF10701984703B05DF8C9
:10BD100004FB704710B5036A04461BB90123636036
:10BD2000002010BD00205860206A92B201F01EFD74
:10BD3000236A5B68002BF4D0F0E7006A08B101F0D9
:10BD4000F3BD7047006A10B1012101F033BA7047AA
:10BD500010B524210446F9F758F8204610BD07B560
:10BD600001220DF1070101F033F901280CBF9DF804
:10BD700007004FF0FF3003B05DF804FB08B5006A20
:10BD800010B1FFF7ECFF08BD4FF0FF30FBE738B50F
:10BD90000546006A58B1FFF7E2FF431C044604D091
:10BDA000286A0169013901F0D5F9204638BD0446F9
:10BDB000FBE7000037B54FF47A7301920022C0E927
:10BDC00001230E4B0360044628200D4604F006F8BC
:10BDD000206280B101992B4605F1280253F8045BDB
:10BDE00040F8045B9342F9D10C2204F1100009F0F1
:10BDF000A6F800232377204603B030BDB06C0C00BA
:10BE000000224FF47A71C0E9012102490160026207
:10BE100002747047B06C0C0010307047006A20B19B
:10BE2000407A012894BF00200120704708B5006ABD
:10BE300008B101F0CDF808BD036A0BB1186970476D
:10BE40004FF0FF307047006A00B1C069704708B515
:10BE5000036A014663B1FFF7F6FF02460846FFF7A3
:10BE6000EBFF47F6FF73101A984228BF184608BD2B
:10BE70001846FCE710B50446006A30B101F0CCF971
:10BE8000206A03F0B3FF0023236210BD006A18B1DB
:10BE9000407A003818BF01207047000010B58AB002
:10BEA00000230A460A49019300918DF809300146A2
:10BEB0000123684601F0DCFA002814BF01240024A5
:10BEC00002D0684601F0A8F920460AB010BD00BFB4
:10BED000D06E0C00F0B58BB000260A4F01960446D8
:10BEE0000D4600978DF80960FFF7D8FF38B92A464C
:10BEF0002146684601F0C8FA801B18BF01200BB02C
:10BF0000F0BD00BFD06E0C0008B52AB101F0F0FB07
:10BF1000003818BF012008BD0120FCE700B58BB038
:10BF2000AAB100230B4A019300928DF809300A460A
:10BF300001230146684601F09BFA28B1684601F0EA
:10BF4000EFFB003818BF01200BB05DF804FB0120A7
:10BF5000FAE700BFD06E0C0038B5012204460D464A
:10BF600000F0FCFB024628B929462046BDE83840CF
:10BF700000F0F4BB012038BD30B50B68C45C2F2C39
:10BF800008BF01330024C55C2F2D06D02DB11555F7
:10BF900001340C2C03F10103F5D100251555C25CC9
:10BFA0002F2A08BF01330B60C05C003818BF012086
:10BFB00030BD00002DE9F04F9246224A9BB09B46CF
:10BFC0000023CDE9102381460D46079306928DF894
:10BFD00021308DF8493001930C460DF1180802AA62
:10BFE00001A94846FFF7C8FF80F0010207465B46FB
:10BFF000D2B202A92046D047064630B9AC4215D18C
:10C00000002630461BB0BDE8F08F6FB1012302AAB5
:10C010002146404601F02CFAAC4206460AD02046A2
:10C0200001F0FAF84EB9EBE7AC42EAD0204601F055
:10C03000F3F8E6E70028E3D010AC234644469846E0
:10C04000CDE700BFD06E0C002DE9F74390F84130EA
:10C0500004460A4623B13830019101F0DDF8019A17
:10C060000121204600F0A0FD04F1100906462146FA
:10C070004846FFF771FF05469EB906F00DFC4249A0
:10C0800004F0EFFC06F008FC404904F0EAFC06F07E
:10C0900003FC3F4904F0E5FC06F0FEFB3D4904F0DB
:10C0A000E0FC25B906F0F8FB3B4904F0DAFC06F0A9
:10C0B000F3FB3A4904F0BEFC06F0EEFB0A22E1690C
:10C0C000074604F0DAFC384604F0BFFC06F0E4FB57
:10C0D000334904F0AFFC06F0DFFB0A22217D07465E
:10C0E00004F0CBFC384604F0B0FC06F0D5FB2D493B
:10C0F00004F0A0FC06F0D0FB0A2294F830100746AA
:10C1000004F0BBFC384604F0A0FCE369277D5F43E4
:10C1100006F0C2FB244904F08DFC06F0BDFB0A22A8
:10C120008046F90A04F0A9FC404604F08EFC1F4B3F
:10C130009F4205D3237D3F2B06D91D4B9F4212D230
:10C1400094F83030202B0ED106F0A6FB194904F0EC
:10C1500092FC06F0A1FB184904F08DFC06F09CFB54
:10C16000164904F088FC5EB165B1494604F1380017
:10C1700000F080FE003818BF012003B0BDE8F08356
:10C180003046FAE72846F8E7D86C0C00006D0C0042
:10C19000166D0C00306D0C00746D0C00BE6D0C0043
:10C1A000D26D0C00E66D0C00FD6D0C0000682200E5
:10C1B00000C04400116E0C00476E0C007F6E0C0036
:10C1C000383001F029B800004A684260094A02602C
:10C1D0000A890281CA68C2600A6902614A694261C9
:10C1E0000A7E0276CA69C2610A6A02624A6A4262C9
:10C1F000704700BFD06E0C002DE9F04FDFF8A4B0FF
:10C200009BB04FF000080746103106A89146CDE9D3
:10C2100010B80193CDF81C80CDF818B08DF82180AE
:10C220008DF8498000F026FE4D460DF1400A06AE1D
:10C230002F21284608F032FE58B32B782F2B01D13E
:10C240000135F5E7441BE4B20C2C28BF0C24224630
:10C25000294602A808F073FE1AAB2344504603F89F
:10C26000608C00F0D9FF012302AA3146504601F04C
:10C27000FFF830B9C7E900B0787238461BB0BDE8A6
:10C28000F08F304600F0C8FF3346254456469A46A4
:10C29000CEE7019BA5EB09051D6031463846FFF747
:10C2A00093FFEAE7D06E0C00F0B5A1B004461D463E
:10C2B00002A801AB1646FFF79FFF019BF718F35C3E
:10C2C0004BB902A916A8FFF77FFF174A16A9204607
:10C2D000FFF770FD0BE000230D938DF839309DF8CA
:10C2E0001130124A0C922BB92046FFF789FD2046E7
:10C2F00021B0F0BD2B463A4602A90CA801F0B8F8CF
:10C300000028F1D002A805F0060500F085FF062DF3
:10C3100003D113990CA800F01DFF0CA916A8FFF774
:10C3200053FF3A46D2E700BF3C630C00D06E0C00CE
:10C3300010B40446044A0846002304F138015DF8AD
:10C34000044BFFF737BE00BF9DBE0B0010B4044680
:10C35000044A0846002304F138015DF8044BFFF756
:10C3600029BE00BFD5BE0B0010B40446044A0846DF
:10C37000002304F138015DF8044BFFF71BBE00BF3A
:10C380001DBF0B0010B40446044A0846002304F104
:10C3900038015DF8044BFFF70DBE00BF09BF0B006D
:10C3A00070B50446A0B00D461646286A04A900F0F0
:10C3B00091FE002802DD9DF810301BB92046FFF7E2
:10C3C0001FFD22E0E52BF0D02E2BEED09DF81B00B8
:10C3D00010F00800E9D10E4B0D908DF83900694638
:10C3E00004A80C9300F0E2FC296A33466A460CA8C4
:10C3F00001F03EF80028E1D00CA916A8FFF7E4FEF2
:10C400006A4616A92046FFF7D5FC204620B070BD2D
:10C41000D06E0C00074B02210022196106491A73E5
:10C42000C3E9012283F83020DA63996383F841205D
:10C43000704700BFF4DA0320D06E0C0010B5074C33
:10C440002168034639B10648064A006800F064FBDB
:10C4500010B100232360012010BD00BF5CDD03206C
:10C4600060DD03205CDB032038B50D4D2B780446DE
:10C470000BB9012009E00B490B4A096803460B4838
:10C48000006800F049FB08B9002038BD002CF0D04E
:10C490002046FFF7D3FF0028F6D000232B70E8E7F3
:10C4A00058DB0320B0D303205CDB032060DD0320D6
:10C4B00070B50D4E3368834205460C460ED0012000
:10C4C000FFF7D2FF08B9002070BD084B084A186872
:10C4D000294600F017FB0028F5D03560054B197888
:10C4E0000C431C700120EFE7B0D3032060DD032074
:10C4F0005CDB032058DB032010B504460120FFF766
:10C50000B3FF68B14FF400720648002108F080FCC8
:10C51000054B064A1C60137843F001031370012099
:10C5200010BD00BF5CDB0320B0D3032058DB032029
:10C5300070B5C36801338B4205460C46164601D2DE
:10C54000002070BD95F82030C069102B0CBF0B0A7D
:10C55000CB0918440D4B1B6898420AD195F820303E
:10C56000102B0B4B0BD1E4B233F8143033600120A5
:10C57000E7E70021FFF79CFF0028EFD1E0E704F098
:10C580007F0453F8243023F07043EFE7B0D3032047
:10C590005CDB03202DE9F3410F4F01910446154662
:10C5A00000264FF40078019901AA2046FFF7C0FF4A
:10C5B00078B1237C94F8202008FA03F31E444FF648
:10C5C000F873102A18BF3B46019A9A42EBD32E60AB
:10C5D000012002B0BDE8F081F8FFFF0F0129F8B596
:10C5E00005460C46174601D80020F8BDC368013344
:10C5F0008B42F9D390F82030C669102B0CBF0B0A80
:10C60000CB091E44134B1B689E4217D195F820306E
:10C61000102B114B19D1E4B223F814700F4A137880
:10C6200043F0010313702B7E012B82BFAB68F61819
:10C630000B4B4FF0010088BF1E60D6E7002130464B
:10C64000FFF736FF0028E1D1CEE704F07F0443F87E
:10C650002470E3E7B0D303205CDB032058DB032026
:10C660005CDD03202DE9F74F1468064689469046A5
:10C670003CB301340027F368254603F1010B4FF06A
:10C68000000AF368534517D95D4588BF022501AA02
:10C690002946304688BF2C46FFF74AFF60B1019A11
:10C6A0006B1C9AB91A1B4A4511D16FF0704229468A
:10C6B0003046FFF793FF70B90027384603B0BDE856
:10C6C000F08F4B1E5F4204685F41D4E71C460AF1BD
:10C6D000010A1D46D5E7AC420AD205F1FF392A46C8
:10C6E00049463046FFF77AFF0028E5D04D46F2E78D
:10C6F000D8F8001021B9C8F8004047B90127DCE795
:10C7000022463046FFF76AFF0028F4D1D4E701340F
:10C710003460D2E773B502230F4E036005460C4622
:10C7200001AA21462846FFF703FF90B100222146C7
:10C730002846FFF753FF60B195F82020019C4FF683
:10C74000F873102A18BF33469C42E9D3012002B087
:10C7500070BD0020FBE700BFF8FFFF0FF8B53A4BB4
:10C76000054619601446DAB1042A01D90020F8BD43
:10C7700000210846FFF79CFE0028F7D0334A02EB61
:10C78000041393F8AE315B06F0D11B3402EB0414B2
:10C79000D4F80A30632BE9D9D4F80640002CE5D050
:10C7A00000212046FFF784FE0028DFD0274BB3F896
:10C7B0000B20B2F5007FD9D1197C0029D6D0DA89B7
:10C7C000002AD3D05A7B002AD0D0297600212A71A2
:10C7D00029740126287C06FA00F18A4204D0411C03
:10C7E00007282974F6D9C1E7D98A01B9596AA9601D
:10C7F000DA892244EA61B3F811706F84BEB21F7CFB
:10C8000001FB0722710101F2FF116A6202EB512262
:10C810006A61B3F8131001B9196AA41A0C44C44030
:10C8200040F6F4729442EC6004D80C2385F8203072
:10C8300001209CE74FF6F472944285BFDB6A6B627D
:10C8400010232023F2E700BF60DD03205CDB032020
:10C8500006294FF0000204D91623437111460846F9
:10C8600070470E4B1A71052916D8DFE801F003084E
:10C870000D0F11130A4A9A6001219981EFE7094AC5
:10C880009A6001229A81EAE7074AF4E7074AF2E749
:10C89000074AF0E7074AEEE7074AECE768DD0320BE
:10C8A00040787D0100093D0080841E0040420F0059
:10C8B00020A1070090D0030048E8010007B50190CF
:10C8C000F9F7BEFA019903B05DF804EB03F0F4BB8D
:10C8D00008B5F9F7B5FABDE80840FF2103F0ECBB55
:10C8E00038B50C4602F0D8FE0546FFF7F1FFFF28E9
:10C8F00006D002F0D1FE431BA342F6D3002038BD80
:10C900000120FCE708B50121007906F088FF064BFD
:10C910001A783AB100221A70F9F792FABDE8084085
:10C9200003F042BB08BD00BF64DD032038B5837946
:10C93000044673B140F2012523895A1CAB4222817F
:10C9400002D8FFF7C5FFF7E72046FFF7DBFF00231C
:10C95000A37138BD38B5044602F09EFE0546FFF7C8
:10C96000B7FFFF28E0720CD102F096FE431BB3F52F
:10C97000967FF4D90F2320466371FFF7C3FF002091
:10C9800038BDFE2801D00D23F5E70120F8E770B58A
:10C99000054608461446FFF791FF661E04F2FF1491
:10C9A00016F8010FFFF78AFFA642F9D1FF20FFF723
:10C9B00085FFFF20FFF782FFFFF78AFF00F01F03CC
:10C9C000052BE87206D0112328466B71FFF79AFFFA
:10C9D000002070BD0120FCE710B5084B1A78044612
:10C9E00032B901221A70F9F72BFA054903F0F6FA69
:10C9F00020790021BDE8104006F011BF64DD03205E
:10CA000068DD0320F8B504460D461746FFF78EFF94
:10CA10002046FFF7E1FF4FF496712046FFF760FFD5
:10CA200045F04000FFF74AFF182627FA06F0C0B28B
:10CA3000083EFFF743FF16F1080FF6D185B1082D28
:10CA400014BFFF208720FFF739FF0025FFF740FFC5
:10CA50000306E07203D50135B5F5807FF6D1F8BD48
:10CA60009520F0E7F8B51D461344B3F5007F044662
:10CA7000164615DC83792BB103688B4202D10389FA
:10CA800093421AD9237B2160032B18BF49020A461F
:10CA900020461121FFF7B6FF074630B1032363712B
:10CAA0002046FFF72FFF0020F8BD2046FFF752FF7A
:10CAB0000028F5D001232781A3712389B34208D32D
:10CAC000069E7719B7420AD0FFF702FF06F8010B5E
:10CAD000F8E7FFF7FDFE238901332381EDE7238982
:10CAE0001D44A37AADB2258113B1B5F5007F02D301
:10CAF0002046FFF71BFF0120D6E70BB1FFF7B2BFBF
:10CB00000120704707B54FF4007300920022FFF731
:10CB1000A9FF03B05DF804FBF8B5174604461E46AE
:10CB20000A4631B9122363712046FFF7EBFE00205D
:10CB30002AE0037B032B18BF4A021821FFF762FF8C
:10CB4000054608B10423EEE73A46FE212046FFF7EA
:10CB50001EFF0028E8D09EB14FF416712046FFF763
:10CB6000BFFE08B91523DEE72A460D212046FFF750
:10CB700049FF08B11423D6E7FFF7AAFE0028F9D130
:10CB80002046FFF7BFFE0120F8BD38B50546FFF788
:10CB900023FFFFF79DFE04462846FFF7B3FEB4F1DE
:10CBA000FF0018BF012038BD2DE9F04100250271BA
:10CBB000057385728571457104460F4602F06CFD60
:10CBC000012106462079DFF8208106F017FE0121B9
:10CBD000207906F024FEF9F733F903F0BFF9414B51
:10CBE000C8F80830012388F80450A8F80C30F9F789
:10CBF00027F9414603F0F2F90A25FF20013DFFF72E
:10CC00005DFE15F0FF05F8D1F9F71AF903F0CCF93C
:10CC10002046FFF7E1FE002211462046FFF7F2FE14
:10CC200001280546E0720DD002F036FD801BB0F5FC
:10CC3000FA6FF0D9012320466371FFF763FE0020ED
:10CC4000BDE8F0814FF4D57208212046FFF7DAFEE7
:10CC5000430716D525730025002237212046FFF70C
:10CC6000D1FE2A4629212046FFF7CCFE0246E0727B
:10CC7000B8B102F011FD801BB0F5FA6FECD90823B2
:10CC8000D9E70425FFF724FE013D15F0FF05E0720A
:10CC9000F8D1AA284FF00203CDD123734FF080457D
:10CCA000DAE7237B022B14D13A212046FFF7AAFEB4
:10CCB00008B10623BFE7FFF70BFE00F0C000C02855
:10CCC00004BF03232373FFF703FEFFF701FEFFF703
:10CCD000FFFD2046FFF716FE39462046BDE8F0412D
:10CCE000FFF7B6BD90D0030068DD0320044B054A72
:10CCF0001A6001221A7100229A609A81704700BF5F
:10CD000068DD0320186A0C00704710B5282104461E
:10CD1000F8F77BF8204610BD10B500F10C02044670
:10CD20000121406AFFF79EFC60B1236A2BB9237A88
:10CD3000E268226263F07F032372237A43F02003C8
:10CD40002372012010BD70B50546FFF7E5FF08B955
:10CD5000002070BD6B6AEC681A7C1E79023C94401E
:10CD60005A6914442644B44206D0013E3046FFF7C7
:10CD7000C3FB0028F7D1EBE76B6A1A7C4FF4007312
:10CD800003FA02F2EB691344EB610120E1E70000D2
:10CD900010B504464069FFF78BFB18B1237E0248AB
:10CDA00000EB431010BD00BF5CDB0320002270B518
:10CDB000013813462E2410F8015F202D08D0082AD0
:10CDC00002BFCC545D1CEBB20678CE545D1CEBB2B6
:10CDD0000132D2B20B2AEED10022CA5470BD00003B
:10CDE0002DE9F0434FF020334B6085B006460A46EC
:10CDF0000B60C1F8073000254FF0070816F8013B1B
:10CE000073B32E2B06D1B8F10A0F17D008254FF0B7
:10CE10000A08F3E7164CEC4604F11009674620684F
:10CE20006168E646AEE8030008344C45F446F6D1A6
:10CE3000394611F8010B18B18342FAD1002013E0F2
:10CE4000A845FBD3A3F121015D29F7D8A3F1610126
:10CE500019299CBF203BDBB2691C5355CDB2CDE7ED
:10CE60001078203818BF012005B0BDE8F08300BF5E
:10CE7000B66E0C0038B5427A04460D460AB1002061
:10CE800038BD91F82030102B0ED10223437202627C
:10CE90004B8C5B01C36100230120C4E9033365624D
:10CEA000207263612376EBE7202BE8D103234372E2
:10CEB000496A016200F11C022846FFF76BFB00285B
:10CEC000E9D1DCE72DE9F041002507460E4600F1E7
:10CED000FF382C4618F8013F202B11D0082D06D121
:10CEE00005F0DAFC01342E21E4B203F0A7FD05F0D1
:10CEF000D3FC036898F800109B6898470134E4B2AB
:10CF00000135EDB20B2DE5D1FB7A03F01803102BA0
:10CF100006D105F0C1FC2F2103F090FD0134E4B2ED
:10CF2000B44203D205F0B8FC2021F5E7BDE8F0815A
:10CF300007B50A22B0FBF2F302FB130003F1300144
:10CF4000303000238DF804108DF806308DF8050080
:10CF500005F0A2FC01A903F06DFD03B05DF804FB30
:10CF600010B50446C00AFFF7E3FF05F095FC3A212F
:10CF700003F064FDC4F34510FFF7DAFF05F08CFC05
:10CF80003A2103F05BFD04F01F004000BDE81040B3
:10CF9000FFF7CEBF10B5044605F07EFC610A0A22F9
:10CFA00001F2BC7103F069FD05F076FC2D2103F060
:10CFB00045FDC4F34310FFF7BBFF05F06DFC2D21C9
:10CFC00003F03CFD04F01F00BDE81040FFF7B0BFC8
:10CFD0002DE9F74F437A04460F46154623B94FF023
:10CFE000FF3003B0BDE8F08F037ADA07F7D5C369E5
:10CFF0000269DFF8D8A0DFF8D8B09B1A9D4288BF3D
:10D000009DB2A846B8F1000F5CD0637A2269606ACD
:10D01000022BC2F308064FEA522123D1406A08448A
:10D02000C6F50073227A9845CCBF1FFA83F9C14632
:10D03000530602D4B9F5007F03D1DAF8002082420A
:10D040002DD10021FFF734FA0028C8D01E4B1E4412
:10D0500006EB09003A4686422BD016F8011B02F86F
:10D06000011BF8E70379013B0B405FFA83F92EB906
:10D07000B9F1000F02D152B9226AE260626AE06837
:10D08000117C52690238884010444844C8E7E1687E
:10D0900004F10C02FFF74CFA0028EFD19FE701469C
:10D0A0000097DBF800004B463246FFF726FD0028CC
:10D0B00095D02269A8EB09084A444F4422611FFA1F
:10D0C00088F89FE728B28CE75CDB0320B0D303200D
:10D0D00060DD032038B5437A012B05460C4617D98D
:10D0E0000369DA0614D1202221462846FFF770FF93
:10D0F00040B2202809D123786BB1E52BF3D02E2B39
:10D10000F1D0E37A1B07EED438BDC01740B2FBE77D
:10D110004FF0FF30F8E71846F6E7000037B5437ADE
:10D12000012B044609D9036901220DF10701C3F35C
:10D130004315FFF74DFF012801D0002005E02369CA
:10D1400003481F33236100EB451003B030BD00BF1F
:10D150005CDB0320F8B5437A04460E460BB9002089
:10D16000F8BDC2698A42FAD3022B02D1266101209E
:10D17000F6E709B9E160F9E7436A01691D7C4B1ED6
:10D1800005F10902751ED340D540AB4200D871B9F4
:10D19000236AE36004F10C07002DE7D0E168606AC0
:10D1A0003A46FFF7C5F9013D0028F5D1D7E7ED1A5A
:10D1B000F0E7000070B5437A04460E4643B390F999
:10D1C0000830002B1ADA0121FFF7E2FD0546F8B11D
:10D1D000637A012B9CBFE369C361236A4383638C39
:10D1E00083820C4B1B682BB100F116011830984755
:10D1F0002B8B6B82237A03F07F0323721EB9237A71
:10D2000023F0100323723046BDE87040FFF72CB9BD
:10D21000002070BD78DD032010B501210446FFF722
:10D22000C9FF10B100236372012010BDF7B5437A26
:10D23000012B04460D4603D00023184603B0F0BD71
:10D24000027A9207F8D5C2698A42F5D3002AF4D04F
:10D250000669FFF77FFF0028EED0606AD5B9216A22
:10D26000FFF758FA0028E7D02562237AE56163F0DA
:10D270007F03237201212046FFF79CFF0028DBD0AB
:10D28000B5422946204628BF314603B0BDE8F040EC
:10D29000FFF760BFE16801AAFFF74AF90028CBD089
:10D2A000606A0C4A90F8207001994FF6F873102FBD
:10D2B00018BF13469942D8D2FFF72CFA0028BBD0EA
:10D2C000E168606A6FF07042FFF788F90028CCD1FE
:10D2D000B2E700BFF8FFFF0F38B51D4B03EB41135A
:10D2E0001546DA7A12F0110F044604D015F0420FF9
:10D2F00001D0002038BD174A217612686261998AF0
:10D300000A042262598B11432162DA7A12F0180260
:10D3100010D1DB69E3610123637205F00F0323720F
:10D3200000216B06C4E903110FD52046BDE8384043
:10D33000FFF77CBF102ADCD1606A04F11C02FFF702
:10D3400029F90028D5D00423E6E70120D2E700BF61
:10D350005CDB0320B0D303202DE9F04385B0054604
:10D360000C46104601A91F46FFF73AFD18B90020E8
:10D3700005B0BDE8F083636A6B620026C4E903660A
:10D38000DFF8E8902369E269934218D22046C3F39C
:10D390004318FFF7C3FE01460028E8D0037823B105
:10D3A000E52B3BD116B10126ECE746B9D9F80030A0
:10D3B00085F818806B610B78002BF4D1012607F0FB
:10D3C0001203122BD3D1002E38D001212846FFF7AB
:10D3D000DFFC04460028CAD020220021204607F0A6
:10D3E00017FD01AB03CB206061601A889B78A372A4
:10D3F0001C4B22811B6863B304F10E0104F1100081
:10D400009847238A63822383E389E3820120FFF71D
:10D410002BF80028ABD0297E3A460BE00B2201A85E
:10D4200007F0BEFC0028ADD107F03003302B9ED0B2
:10D430003A4641462846FFF74FFF99E7637A022BA9
:10D4400095D02046FFF77FFC002890D0064C2E7622
:10D45000C2E721222274A373282208236274E37393
:10D46000CFE700BF78DD03205CDB0320B0D30320CF
:10D4700010B4447A1CB95DF8044BFFF76DBF00206F
:10D480005DF8044B704700002DE9F041332388B06C
:10D4900006468846FFF7ECFF002862D040F20143C1
:10D4A00033813046FFF74FFC00285AD00121304627
:10D4B000FFF780FE002854D001213046FFF768FCBA
:10D4C000034600284DD01022C2726A4600F12007A0
:10D4D000144618685968154603C50833BB422A46E6
:10D4E000F7D14FF02033CDF80130CDF80530ADF84D
:10D4F0000930D6E908031A7C5B69023890400121A3
:10D500001844FEF7D5FF60B34FF02E0C8DF800C025
:10D5100027460FCF154D8DF801C00FC597E80F00B6
:10D5200085E80F0098F80930114D023B012B8BBFA5
:10D53000D8F8203000229AB2134688BF1B0CADF8F1
:10D540001430ADF81A200FCC0FC594E80F0085E811
:10D550000F0040230120336108B0BDE8F041FEF721
:10D5600083BF002008B0BDE8F08100BF5CDB032072
:10D570007CDB0320F8B51F46437A04460D46164669
:10D58000E3B907F03003302B18D04B6A43625101E6
:10D590002846FFF7DFFD88B12846FFF7BFFD68B1D9
:10D5A00003785BB1E52B09D02E2B07D03A4606F065
:10D5B0000F012046BDE8F840FFF78EBE0020F8BD01
:10D5C0002DE9F04F0023C0E9033311F0030FDFF81A
:10D5D000F0A08BB005460E46174614BF4FF00E085C
:10D5E000984601F001092846FFF798FD04460028F7
:10D5F00062D00378002B5FD0E52BF4D02E2BF2D035
:10D6000090F80BB01BF0080BEDD14FFA8BF3BB4237
:10D610000BF1010B05DA05F03FF9202103F00EFABA
:10D62000F3E741462046FFF74DFCB9F1000F0AD061
:10D63000208BFFF7AFFC05F02FF9202103F0FEF956
:10D64000E08AFFF78DFCE37A03F01803102B0CD06F
:10D65000B2070AD505F020F9202103F0EFF905F013
:10D660001BF9E1690A2203F008FA05F015F903F045
:10D67000ECF97307B7D5E37A03F01803102BB2D196
:10D680002C696409013C0023A4B2CDE900A38DF804
:10D6900009302246012329466846FFF76BFF28B16F
:10D6A000BA1CD2B231466846FFF78AFF611C4901B5
:10D6B0002846FFF74FFD96E70BB0BDE8F08F00BF9F
:10D6C000D06E0C0010B500210446FFF7AFFD68B125
:10D6D00001212046FFF75CFB40B1E52303700023E6
:10D6E00063720120BDE81040FEF7BEBE002010BDF1
:10D6F00000B58BB000230A460849019300918DF8CC
:10D700000930014602236846FFF726FE10B168463D
:10D71000FFF7D8FF0BB05DF804FB00BFD06E0C0024
:10D7200010B5437A042B044613D10023C0E9033318
:10D730002269E3699A420ED22046FFF7EFFC40B11E
:10D74000037843B1E52BF3D02E2BF1D0C37A1B071E
:10D75000EED4002010BD01236372237A43F002034C
:10D7600023722046BDE81040FFF7ACBF2DE9F04F13
:10D770002DED028B437A012B83B004468946174670
:10D780002FD1057AA9072CD56A0722D485F0100578
:10D79000C5F3001308EE103ADFF870B1BA462569F8
:10D7A000BAF1000F00F08A80606A0679013E06EA4D
:10D7B000552616F0FF06C5F3080517D1B5B9E1687F
:10D7C000002942D1236A83B92046FFF7A5FA68B938
:10D7D00007E0C16903699942D8D0FFF7BBFC002874
:10D7E000D4D10123636000207AE0E360626AE368D9
:10D7F000117C5269C5F500781FFA88F8D045A3F16D
:10D80000020328BFD0468B401344B8F5007F1E4466
:10D810002ED1DBF800303848B34204BF4FF0FF335D
:10D82000CBF80030006818EE103A4A463146FFF750
:10D8300073F90028D5D009F500792369AAEB080A05
:10D8400043441FFA8AFA2361A9E701AAFEF770FE92
:10D85000002845D0636A294893F82010019A4FF6B2
:10D86000F873102918BF03469A42ADD2E260BDE7B3
:10D87000DDB92269E3699A4217D30120FEF7F4FD6E
:10D880000028AED01E4ACBF80060137843F00103A5
:10D8900013701C4B1D4405EB08014B468D420BD009
:10D8A00013F8012B05F8012BF8E701213046FEF7AC
:10D8B000FFFD0028EDD194E7C144BEE7E269237A79
:10D8C000AA4204D2E56163F07F03237204E00E4AAA
:10D8D00012680AB1002FF6D1237A1B0705D4384607
:10D8E00003B0BDEC028BBDE8F08F01212046FFF7AD
:10D8F00061FC0028F3D174E760DD0320F8FFFF0F1F
:10D9000058DB03205CDB032078DD0320B0D3032049
:10D9100007B501228DF807100DF10701FFF726FF6B
:10D9200003B05DF804FB000070B5437A012B054697
:10D9300001D0002070BD037A9A07FAD55B0712D494
:10D94000154B1868FFF721F90028F2D12B7A13F054
:10D95000200411D001462846FFF72CFC2B7A23F037
:10D9600020032B72E5E7C16903698B42E8D0FFF71A
:10D97000F1FB0028E4D1DCE7084A126812B1FEF797
:10D980005DFDD6E72869C0F3080043F01003C0F539
:10D9900000702B7280B2CDE760DD03205CDD0320D8
:10D9A00070B5064615460C4606F000F8314605F0FF
:10D9B0000FFB05F0FBFF0368E9B29B68984705F091
:10D9C000F5FF0368210A9B68984705F0EFFF03689D
:10D9D000E1B29B68984705F0E9FFBDE8704005F0AB
:10D9E00002BB704773B5244B244D044644F289169C
:10D9F00023484ABB21704FF06451E3606160268286
:10DA0000A060019205F0D2FF05F0A8FA019A2078F3
:10DA10004FF40041FFF7C4FF322004F015F942F63D
:10DA20009F11019A29802078FFF7BAFF322004F075
:10DA30000BF9218A20780522FFF7B2FF322002B0CD
:10DA4000BDE8704004F000B90E4AE36021706260E6
:10DA50002682A06005F0AAFF05F080FA00224FF4AC
:10DA600000412078FFF79CFF322004F0EDF842F6E9
:10DA70009F1129800022D6E7ACC527377CDD032023
:10DA80006F12833BABAAAA3938B50C46154605F090
:10DA90008DFF214605F09CFA05F088FF0368E9B286
:10DAA0009B68984705F082FF05F09DFA05F07EFF20
:10DAB0000222214605F089FA05F078FF03681B6908
:10DAC000984702280ED105F071FF03685B699847FB
:10DAD000C4B205F06BFF03685B699847C0B240EAC7
:10DAE000042038BD00200446F9E7000010B50222EA
:10DAF00001780446FFF7C8FF094B1B889A040AD532
:10DB0000C0F3CF0007EE900A94ED020AF8EE677AB0
:10DB100027EE800A10BD5B0448BFC0F38F00F1E719
:10DB20007CDD0320C1F30E0307EE903A0B04F8EE00
:10DB3000E77A48BF9FED047A90ED010A48BF77EE7F
:10DB4000C77A27EE800A70470000004710B504220C
:10DB500001780446FFF798FF01462046FFF7E2FFF1
:10DB6000DFED027A20EE270A10BD00BF00007A44E4
:10DB7000062180F88C104FF001310022C0F89C1073
:10DB8000C0F89810C0F89F102821C0F89020A0F885
:10DB90008A2080F8952080F8962080F8A310C0F89D
:10DBA000A42070470EB433B50E4DD0F890202B68EA
:10DBB0009A4204460FDD06AB059A0B4801934FF4D9
:10DBC000807102F023F994F8943023B904F064FED4
:10DBD000054902F02FFF00232B6002B0BDE8304062
:10DBE00003B0704780DE03207EDD0320425C0144E9
:10DBF000002362F31F634A7862F317438A7862F363
:10DC00000F23CA7862F3070300EE103A7047000052
:10DC100010B590F88C30022B04460FD104F03CFE76
:10DC20004FF4E13104F028FE04F036FEC4F8A800F9
:10DC30004FF47A7004F008F801200AE090F8A4305C
:10DC400013B190F8A5302BB920460A49FFF7AAFF77
:10DC5000002010BDB0F8A42040F608039A42E7D196
:10DC600005F03CFE4FF4E13105F010F905F036FE09
:10DC7000DCE700BFE06E0C007D2930B502F1010445
:10DC800000EB02050CD007D8112912D0132912D0AD
:10DC900085F88010204630BD7E29F9D15E2300E052
:10DCA0005D2320447D2185F88010941C80F880300D
:10DCB000F0E73123F5E73323F3E700005D2908B5EA
:10DCC00011D00CD8312910D0332910D0094B0122A2
:10DCD0001A600A460849FFF765FF002008BD5E2963
:10DCE000F4D17E20FAE77D20F8E71120F6E7132033
:10DCF000F4E700BF80DE0320F86E0C0010B50020B2
:10DD00009A4204D88C5C01322044D2B2F8E7C04376
:10DD1000C0B210BD70B500F18006002315468229FF
:10DD20004FF07E02C0F88030C0F884300446338162
:10DD300080F88B3080F8802080F882104BD013D888
:10DD4000112908D80F2961D849B301F0FD01012933
:10DD50005CD0184670BD562958D08129F9D14FF4AE
:10DD6000C073A0F882300BE0D3294FD00AD8D12954
:10DD70004CD0D229EDD1012380F8833080F8843053
:10DD8000052514E0F02901D0F329E2D14FF4E8731E
:10DD900001F00F01A4F8823084F88410F0E7022328
:10DDA00080F8833040F20133A0F884300625EBB2CE
:10DDB000012231462046FFF7A1FF2A4601462046B0
:10DDC000FFF75AFF23187E22013083F8802084F861
:10DDD0008B000123BDE74FF4B063A0F88230290E19
:10DDE0000522FFF749FFC5F3074102462046FFF72A
:10DDF00043FFC5F3072102462046FFF73DFFE9B286
:10DE000002462046FFF738FF0546D0E70425CEE757
:10DE100070B590F88B3004466BB3D0F89030B3B146
:10DE20001649174EFFF7BEFE002594F88B20EBB283
:10DE30009A4208D92344314693F880202046FFF7C0
:10DE4000B1FE0135F1E70F492046FFF7ABFE002593
:10DE500094F88B20EBB29A4209D9D4F8A800234455
:10DE6000026893F88010926890470135F0E700202F
:10DE700084F88B0070BD0120FCE700BFD46F0C005C
:10DE800068520C007E6F0C002DE9F041044601F051
:10DE900003FC002507462E4641F2883801F0FCFBC2
:10DEA000C01B40450AD92F4B2F4901221A6020463A
:10DEB0002A46FFF777FE5020BDE8F081D4F8A8008D
:10DEC00003681B6998470028E8D0D4F8A8000368C5
:10DED0005B699847C1B261555DB97E290ED0214B6F
:10DEE000224901221A6022782046FFF75BFE51206A
:10DEF000E2E77D290BD1013DEDB201260135EDB2FE
:10DF0000802DCBD91A492046FFF74CFEEFE72EB102
:10DF10002046FFF7D3FE00266055EFE77E29EDD1BE
:10DF2000D4F8903084F88A50A3B11249124D20469B
:10DF3000FFF738FE94F88A20F3B29A4206D3E25CE7
:10DF400029462046FFF72EFE0136F3E70B4920460F
:10DF5000FFF728FE94F88A30032B34BF51200020AD
:10DF6000AAE700BF80DE0320206F0C00406F0C008A
:10DF7000806F0C00C9700C006B6F0C00736F0C008D
:10DF800038B50446D0F8A8000368DB6998472046F6
:10DF9000FFF73EFFD0B9642003F056FE2046FFF79E
:10DFA00073FF98B994F88A50AB1EDBB20122214668
:10DFB00020462544FFF7A2FE15F8012C90420346A7
:10DFC00005D020460649FFF7EDFD512038BDE27827
:10DFD0001AB104492046FFF7E5FDE078F6E700BFF7
:10DFE000966F0C00BE6F0C0010B5044605F0DEFC09
:10DFF00004F0B4FF05F0DAFC0349C4F8AC00BDE856
:10E00000104004F0A7BF00BFA086010008B580F84B
:10E010008C1019B1BDE80840FFF7FABDFFF7E4FF27
:10E02000012008BD70B590F88B3004466BB3D0F872
:10E030009030B3B11649174EFFF7B4FD002594F8A0
:10E040008B20EBB29A4208D92344314693F88020C2
:10E050002046FFF7A7FD0135F1E70F492046FFF7FE
:10E06000A1FDD4F8AC00692104F0B6FFD4F8AC00EF
:10E0700094F88B20036804F18001DB689847D4F89A
:10E08000AC0004F0B0FF002070BD0120FCE700BF31
:10E09000D06F0C0068520C007E6F0C000878C043F3
:10E0A000C0B2082342B2002A4FEA4000C0B211DBDE
:10E0B000013B13F0FF03F5D14B785840082342B2DF
:10E0C000002A4FEA4000C0B207DB013B13F0FF0318
:10E0D000F5D1704780F03100EAE780F03100F4E7D5
:10E0E00038B50023C0F88030C0F88430A0F88830FC
:10E0F00080F88B3010294BBA04461546A0F88030C2
:10E1000007D048F2050399420DD0022384F88B30E2
:10E1100038BD0146032301F8823FFFF7BFFF052307
:10E1200084F88400F2E74FF49063A0F88030130E77
:10E1300080F88230130C80F8833000F18201FFF701
:10E14000ADFF2B0A84F8840084F8853084F886506B
:10E1500004F185012046FFF7A1FF082384F887001A
:10E16000D4E70000562970B504460D4607D190F853
:10E17000956026B92E49FFF715FD304670BD94F81D
:10E180008C2072BB95B92A4610212046FFF7A8FFC4
:10E190002046FFF747FF002844D1012665BB84F8DD
:10E1A00095604FF47A7003F04FFDE6E7012D02D140
:10E1B0004FF48271E9E7D32D02D14DF20431E4E747
:10E1C000562D02D145F20761DFE7102D02D141F251
:10E1D0000101DAE7112D01D00026CEE741F203114B
:10E1E000D3E7002229462046FFF794FD0028F3D00C
:10E1F0002046FFF7C5FECEE7012D03D184F8950038
:10E200000126BAE7D32DB8D194F88C3084F8950064
:10E210001BB9D4F8AC0004F0A1FE4FF4FA6003F08F
:10E2200013FDEDE703492046FFF7BCFCD4E700BF30
:10E23000DE6F0C0008700C002DE9F347174601F063
:10E24000FE0202EB5102002304460D4680F88A309C
:10E25000D2B2D0F8AC00692104F0B7FE0DF1040988
:10E260000026CA46D4F8AC0003681B695FFA86F83A
:10E270009847002845D0D4F8AC0003685B699847FC
:10E280000136032E09F8010BECD151462046FFF769
:10E2900005FF9DF806608642034606D02A493246AD
:10E2A0002046FFF77FFC512018E094F88A309DF853
:10E2B0000400E054991C0133DBB29DF80520C9B27B
:10E2C00084F88A10E25497B150EA02030FD1D4F8CF
:10E2D000AC0003681B69984718B9002002B0BDE87C
:10E2E000F087D4F8AC0003685B699847EFE7A94270
:10E2F000B4D394F88A30EBB914492046FFF752FCA6
:10E30000D1E7B8F1000FF4D0114932462046FFF7AB
:10E3100049FC94F88A309DF80410E1545A1CB8F175
:10E32000010FD2B21CBF9DF80510A154434484F8DC
:10E330008A30DEE7AB42D0D0204606492A46FFF7B6
:10E3400031FC0120CAE700BF1C700C0067700C0094
:10E350004F700C0081700C00F7B50446CDE9002128
:10E36000FFF760FEDDE900210546064630B115499C
:10E370002046FFF717FC284603B0F0BD2046FFF704
:10E380005BFFD4F890300546A3B10F490F4F2046EC
:10E39000FFF708FC94F88A20F3B29A4206D9E25CAF
:10E3A00039462046FFF7FEFB0136F3E708492046D1
:10E3B000FFF7F8FB002DDED006492A462046FFF77E
:10E3C000F1FBD8E7B0700C00C5700C006B6F0C004F
:10E3D000736F0C00D4700C0037B500230B60C1F8CC
:10E3E000033090F88C2005460C469AB94FF4514101
:10E3F0000192FFF775FE019A02212846FFF7ACFF54
:10E400002B7823706B786370012363710423A371ED
:10E4100003B030BD1A46D121FFF77CFC68B1284615
:10E42000FFF7AEFD6B792370AB7963702B7AA37025
:10E43000AB7AE370EB7A2371E6E70420E8E713B5E3
:10E4400069460446FFF7C8FF50B99DF8003084F8CC
:10E45000A6309DF8013084F8A730012002B010BD2D
:10E460000020FBE770B590F8A63004460E4615462E
:10E470002BB194F8A630B34206D2002070BDFFF74E
:10E48000DEFF0028F5D1F8E794F8A730AB4234BF9F
:10E4900000200120F2E738B500220D460221044693
:10E4A000FFF7E0FF002849D0102D18D194F89630DE
:10E4B0000BB1002038BD94F895302BB101212046D6
:10E4C000FFF750FEC8B1012384F897301021204691
:10E4D000FFF748FE88B1012384F89630E9E7112D53
:10E4E0002ED194F89630002BE3D094F88C3033B9C9
:10E4F00029462046FFF736FE38B95120DAE7D4F82E
:10E50000A8000368FF219B6898470A2003F09CFB42
:10E5100011212046FFF726FE0028EED0642003F0EC
:10E5200093FB94F89730002184F89610002BC0D00C
:10E530002046FFF717FE0028BBD1DEE78820B9E7A9
:10E540000420B7E710B50022044640F20221FFF78D
:10E55000C7FD002202212046FFF7FEFE20B96078A9
:10E56000431E5842584110BD0020FCE72DE9F04100
:10E570000E4690F895100446B9B194F88C50DDB170
:10E58000002203212046FFF7C5FB002800F0898008
:10E590002046FFF7F5FC68B92279282A7FD020466B
:10E5A0004149FFF7FFFA012004E0FFF7DBFD0028F7
:10E5B000E3D14320BDE8F0812F4620465FFA87F87B
:10E5C000FFF7C0FF90B100224FF440712046FFF7E3
:10E5D00087FD94F8A31000222046FFF7BDFE002817
:10E5E000E8D1B8F1030F08D15020E3E74FF47A7077
:10E5F000013703F029FB042FDFD128220021304608
:10E6000006F006FC20462946FFF7F0FA291DC9B29C
:10E6100086ED000AFFF7EAFA05F10801C9B286EDB6
:10E62000010AFFF7E3FA05F10C0186ED020AC9B20F
:10E63000FFF7DCFA86ED030A94F88C0018B994F819
:10E64000A330142BB6D905F110012046C9B2FFF74B
:10E65000CDFA05F11401C9B286ED040AFFF7C6FA36
:10E6600005F11801C9B286ED050AFFF7BFFA05F1F9
:10E670001C01C9B286ED060AFFF7B8FA05F12001C0
:10E68000C9B286ED070AFFF7B1FA243586ED080A0C
:10E69000E9B2FFF7ABFA002086ED090A8AE7052503
:10E6A000ABE7042086E700BFFB700C00014B0122A2
:10E6B0001A70704784DE032038B500F1080504465F
:10E6C000294600F0BDF9124B23602846002500F0D2
:10E6D0001AFA84F8A85105F069F9422384F8B03198
:10E6E000C4F8AC0105F0FAF8FF23A4F8E431094BB3
:10E6F000C4F8C4511C60C4E96D05C4E97355C4E98C
:10E700007555C4E97755C4F8E851204638BD00BFB7
:10E7100044710C0088DE032037B5D0F8B8310446C8
:10E7200083B90420F6F76DFB054648B102234FF488
:10E730000062CDE900320449044A2346F6F7E4FBBF
:10E74000C4F8B85103B030BD1F710C0081E90B0053
:10E75000002280F8A821D0F8B4314A685A608A684B
:10E760009A60CA68DA600A7C1A744A7C5A747047E4
:10E7700038B5044690F8B011D0F8AC0104F028FC8C
:10E78000D4F8AC010368FD219B689847D4F8AC012C
:10E79000002104F024FC08B1002038BD94F8B01129
:10E7A000D4F8AC010123022204F0FBFBC0B2022822
:10E7B000F2D1D4F8AC0103685B6998470546D4F8F8
:10E7C000AC0103685B69984740EA052080B2E4E742
:10E7D0002DE9F8430746884690F8B011D0F8AC010F
:10E7E000154604F0F5FBD7F8AC010368FF219B68E0
:10E7F0009847D7F8AC01002104F0F1FB18B14FF0B5
:10E80000FF30BDE8F8830446A54220D92E1B202EF8
:10E8100028BF202604EB0609A5EB09025342534109
:10E8200097F8B011D7F8AC01324604F0BAFBC0B289
:10E830008642E4D144442644D7F8AC0103685B69BE
:10E84000984704F8010BA642F6D14C46DCE728466F
:10E85000D7E7000010B50446FFF72EFF014B2360F9
:10E86000204610BD34710C007047826810B50AB99B
:10E8700005F0C4F8BDE81040C36818472DE9F0471B
:10E8800090F8A8718AB0044617BB00F1080800F59B
:10E89000DE76D4F8B40103681B69984700284DDD83
:10E8A000D4F8B40103685B699847C5B2294640466D
:10E8B00000F006FCD4F8C4313843C7B2002BE8D0CE
:10E8C000D4F8C8318DF8085002A930469847E0E7DF
:10E8D000D0F8AC81404604F08DFB2046FFF748FF9E
:10E8E0002028064602D810B9002724E02026324608
:10E8F00002A92046FFF76CFFB042F5D102AD2E44CD
:10E90000002704F1080904F5DE7A15F8011B4846D2
:10E9100000F0D6FBD4F8C4313843C7B24BB115F878
:10E92000013C8DF807300DF10701D4F8C83150468D
:10E930009847B542E9D1404604F065FB57B1D4F899
:10E94000D851D4F8DC319D4204D02846FFF78DFF22
:10E950001035F6E70AB0BDE8F08738B50446204622
:10E96000FFF78CFFD4F8CC51D4F8D0319D4204D0BD
:10E970002846FFF77AFF1035F6E700F0CDFEEEE708
:10E9800008B5FFF7EAFF70B5D0E900560446AE427D
:10E9900004D02846F6F79EFA1035F8E7206818B13B
:10E9A000A168091AF6F731FA204670BD10B50E4B72
:10E9B00003600446D0F8E80120B100F0E5FE002332
:10E9C000C4F8E83104F5EC70FFF7DDFF04F5E670FC
:10E9D000FFF7D9FF04F5DE70F6F77CFA204600F069
:10E9E00026F8204610BD00BF44710C0010B5044647
:10E9F000FFF7DCFF20464FF4F671F6F706FA2046E3
:10EA000010BD000010B5034B03600446FFF7CEFFB6
:10EA1000204610BD34710C0010B50446FFF7F2FF1C
:10EA200020464FF4F871F6F7F0F9204610BD704714
:10EA300010B508210446F6F7E8F9204610BD00009D
:10EA4000014AC0E90021704754710C0013B50B4610
:10EA50000246D0E900016C4684E8030093E8030015
:10EA600082E8030094E8030083E8030002B010BDCD
:10EA7000034B01221A70034B034A1A60704700BF10
:10EA800090DE03208CDE03205C710C000022C0E9C4
:10EA90000F22C0E91322C0E91722C0E91B2202801D
:10EAA0008280826002730282426102768283026205
:10EAB00080F824200285C26280F8302042630287F9
:10EAC0004264A0F848204265A0F858204266A0F8A9
:10EAD00068204267A0F87820C0E91F22C0E92322FD
:10EAE000C0E92722C0E92B22C0F88420A0F88820A2
:10EAF000C0F89420A0F89820C0F8A420A0F8A8207E
:10EB0000C0F8B420704710B50446FFF7BFFF04F10A
:10EB1000B800FFF7BBFF022384F881310023C4E96A
:10EB20006233C4E96433C4E96633A4F8823184F8FB
:10EB30008431A4F8703184F87231204610BDA1F1FF
:10EB40004103052B02D8A1F137007047A1F1610301
:10EB5000052B94BFA1F15700A1F13000704738B5E3
:10EB6000057804462D2D08BF0134204606F0E8F84C
:10EB700064235843224614F8013BA3F130010929CC
:10EB8000F8D92E2B0BD15378303B092B07D80A210B
:10EB900001FB03009378303B092B98BFC0182D2D43
:10EBA00008BF404238BD000038B504460D4606F0A7
:10EBB000C7F86423B0FBF3F203FB120311482A8069
:10EBC000434320460278A2F13004092C014600F1AB
:10EBD0000100F7D92E2A0BD10A480A2411F8012F77
:10EBE000303A092A04D8B0FBF4F000FB0233F5E711
:10EBF00003EB830301330322B3FBF2F36B600023C7
:10EC00002B7238BD8096980010B5C3694360036AC3
:10EC1000836090F824300373836A0361C36A43619D
:10EC200090F830300376044600F036FD40F20113D0
:10EC30006063238010BD0000D0B5002304464370FC
:10EC40008068F5F72FFB0CA3D3E90023F5F7CEFC82
:10EC50000646A0880F46F5F735FB0B4602463946B7
:10EC60003046F5F7E3F9237B13B101F10043194670
:10EC700041EC100BD0BD00BF0000000065CDCD41C0
:10EC8000D0B50023044643704069F5F70BFB0CA395
:10EC9000D3E90023F5F7AAFC0646208A0F46F5F7CC
:10ECA00011FB0B46024639463046F5F7BFF9237E85
:10ECB00013B101F10043194641EC100BD0BD00BF68
:10ECC0000000000065CDCD4110B583684360044667
:10ECD00000F0E2FC40F20113E060238010BD10B5AB
:10ECE00083684360044600F0D7FC40F20113E06003
:10ECF000238010BD10B504460846FFF730FFA06022
:10ED000010BD10B50446084606F01AF8A06010BD04
:10ED10000023437040686423B0FBF3F203FB12004E
:10ED200000F5FA6080B270470023437064234068A6
:10ED3000B0FBF3F0B0FBF3F203FB1200C0B270477C
:10ED400000234370406842F21073B0FBF3F0C0B28E
:10ED500070470000002343704068024BB0FBF3F0A3
:10ED6000C0B2704740420F0000234370406842F237
:10ED70001073B0FBF3F06423B0FBF3F203FB12005B
:10ED8000C0B270470023437064234068B0FBF3F0C7
:10ED9000B0FBF3F203FB1200C0B2704710B5C368BA
:10EDA0008360044600F078FC40F201136060238029
:10EDB00010BD10B504460846FFF7D1FEE06010BD57
:10EDC00010B5C3688360044600F066FC40F201138E
:10EDD0006060238010BD10B50446084605F0B0FF02
:10EDE000E06010BD10B501460446103006F06DF825
:10EDF00000F052FC40F201132062A38410BD1022E7
:10EE000006F09DB8F8B590F871510446002D00F059
:10EE1000888090F87211FFF792FE94F87311024601
:10EE20002046FFF78CFE94F8703100EB0210C0B260
:10EE300083426ED1D4F89C310133C4F89C3194F8EC
:10EE4000843123B1D4F894310133C4F8943194F867
:10EE50008131E3B3012B2BD104F1F000FFF734FF34
:10EE600004F58070FFF73BFF94F8843104F1B80695
:10EE70005BB13046FFF7C8FE04F58870FFF78EFFE0
:10EE800004F59070FFF78AFF05E084F8B83084F845
:10EE9000103184F820310021084600F04DFC314645
:10EEA000B822204605F08CFF0021012000F044FC30
:10EEB000D4F88C619EB3D4F88C31B06A996AF5F7B6
:10EEC00053FF60BB3046FFF78DFF366BF2E704F56A
:10EED0008070FFF704FF94F8843104F1B8068BB119
:10EEE0003046FFF791FE04F59870FFF757FF04F5E1
:10EEF000A070FFF753FF04F5A870FFF761FF04F55A
:10EF0000B070BFE784F8B83084F8303184F840310D
:10EF1000F1E7D4F898310133C4F898310025284638
:10EF2000F8BD90F882216ABB00F5B9766049304699
:10EF3000F5F71AFF20B15F493046F5F715FF98B98C
:10EF4000012384F88131D4F88831C4F88C31D4F8A5
:10EF50008C71002FE3D0B86A3146F5F705FF002821
:10EF600080F29F803B6BF0E753493046F5F7FCFE9B
:10EF700020B152493046F5F7F7FE08B90023E0E723
:10EF80000223DEE790F88111022924D090F8723133
:10EF90000BB342EA4112013A282A1CD8DFE802F0FA
:10EFA000153C434A4D666B72771B7C1B1B1B1B1B5E
:10EFB0001B1B1B1B1B1B1B1B1B1B1B1B1B1B1B1BA1
:10EFC00015353C434A4D545B600000F5B97100F5BE
:10EFD0008070FFF78FFED4F88C6104F5B977002EAE
:10EFE0009DD0D4F88C31B06A996AF5F7BDFE00283F
:10EFF00095D1F26A94F882319A4290DC03D1394675
:10F000003046FFF7FCFE366BE9E7A3F141004342CF
:10F01000434184F88431DEE700F1D40104F5B9708E
:10F02000FFF7C2FDD7E7A3F153014B424B4180F8F4
:10F03000DC30D0E700F1E001F0E7A3F157025342E2
:10F04000534180F8E830C6E700F5B97100F58870E3
:10F05000FFF7AFFEBFE700F5B97100F59070F7E775
:10F0600000F5B971F030FFF74CFEB4E7302B94BFD8
:10F0700000230123CDE700F5B97100F5A870FFF773
:10F08000AAFEA8E700F5B97100F5B070E0E700F559
:10F09000B97100F59870DBE700F5B97100F5A07063
:10F0A000D6E73FF43CAF0023C4F88C3137E700BF0C
:10F0B00066710C006C710C0072710C0078710C00A0
:10F0C00038B5D0F89031242903F1010304460D46E8
:10F0D000C0F890313AD090F8833114D80A291CD066
:10F0E0000D291AD00D2B9FBF5A1C1B1984F88321A0
:10F0F00083F8725194F8710198BB94F870114D40E7
:10F1000084F8705121E02A2907D02C29EAD190F8FF
:10F11000702182F02C0280F870210E2B4FF000003D
:10F1200005D8234483F872012046FFF76BFE94F85C
:10F130008231013384F88231002384F88331A5F1D0
:10F140002A035D425D4184F8715138BD00200223DD
:10F15000A4F8700184F88131A4F8820184F8840154
:10F16000F3E70020F1E710B50446207B04F070FBC4
:10F170000128FAD010BD00007FB5144B009304465F
:10F18000134B02930D4640F20113002669460068B6
:10F19000ADF80C308DF8046000F020FF3146E07BC4
:10F1A00004F03DFB052000F06FFA2946206800F0CE
:10F1B00083FF052000F068FAE07B012104F02FFBBB
:10F1C000206804B0BDE8704000F0EEBE186A0C0084
:10F1D000004C1D0007EE901A90ED020AF8EEE77A57
:10F1E00027EE800A70470000F0B585B0154604464A
:10F1F0000F46FFF7B8FF184B0093184B02930026F9
:10F2000040F2011369462068ADF80C308DF80460B7
:10F2100000F0E4FE3146E07B04F001FB052000F045
:10F2200033FA47F05001206800F046FF314620686D
:10F2300000F042FF2946206800F03EFFE07B0121FC
:10F2400004F0EDFA206800F0AFFE642005B0BDE8E0
:10F25000F04002F0F9BC00BF186A0C00004C1D0021
:10F2600038B505460C460A460321FFF7BDFF2C744E
:10F27000C820BDE8384002F0E7BC38B505460C466A
:10F280000A460121FFF7B0FFAC74C820BDE8384042
:10F2900002F0DABC7FB504460E46FFF764FF184B58
:10F2A0000093184B0293002540F201136946206831
:10F2B000ADF80C308DF8045000F090FEE07B29464C
:10F2C00004F0ADFA46F01001206800F0F5FE294682
:10F2D000206800F0F1FE052000F0D6F92068FF213B
:10F2E00000F0EAFE01210546E07B04F098FA206870
:10F2F00000F05AFE642002F0A7FC284604B070BD5E
:10F30000186A0C00004C1D0008B50221FFF7C2FF6F
:10F3100000F0070008BD38B50D4600210446FFF790
:10F32000B9FFC3B265B923F0020363752046627D5D
:10F330000021FFF759FFBDE83840642002F084BC8B
:10F34000012D08BF43F00203EFE7000030B585B0A0
:10F35000204B00930446204B0293002540F20113FA
:10F3600069460068ADF80C308DF8045000F036FEA8
:10F370002946E07B04F053FA2046FFF7F4FE012112
:10F38000206800F099FE072000F07EF929462068E9
:10F3900000F092FE29462076206800F08DFE294676
:10F3A0006076206800F088FE637E227EA0761B02D5
:10F3B00043EA024318431B0248BF00F17F40E0616B
:10F3C0000121E07B04F02BFA206800F0EDFDE069FC
:10F3D00005B030BD186A0C00004C1D000000000094
:10F3E000D0B504464068F4F77FFF02460B46F4F7B9
:10F3F0001DFE00224FF07A53F4F7CEFF0646E07C64
:10F400000F46F4F74FFF9FED080B41EC110B04F092
:10F410009FFC304653EC102B3946F5F7E7F8F5F72B
:10F42000B3FAA060D0BD00BF0000000000000040A3
:10F43000F8B504462DED028B1D46099B2360002381
:10F440000846164621736360A36000219DF8207072
:10F45000B0EE408A04F0D2F926B16673012130463D
:10F4600004F0CCF925B1A5730121284604F0C6F9B2
:10F4700001213846E77304F0C1F9002384ED018AC5
:10F480002046E374FFF7ACFFBDEC028B2046F8BDCD
:10F4900038B504460021C07B04F0C1F9607B68B137
:10F4A000002104F0BCF9C82002F0CEFB607B0121F2
:10F4B00004F0B5F94FF47A7002F0C6FBA07B10B1EE
:10F4C000012104F0ACF9206800F048FDC82002F0EA
:10F4D000BBFB3622627500212046FFF785FEC8205F
:10F4E00002F0B2FB01221146A2742046FFF77CFE17
:10F4F0000025C82002F0A8FB2A4602212046657498
:10F50000FFF772FEC82002F09FFB2046FFF768FF5E
:10F510008222227403212046FFF766FEC82002F0F3
:10F5200093FBF0212046FFF727FEC82002F08CFB5A
:10F5300084F8205038BD10B50446C1740221FFF78D
:10F54000A9FEE27C00F0F80002F0070202436274B8
:10F5500020460221FFF748FEC82002F075FB204636
:10F56000BDE81040FFF73CBF08B5024B1B689B6825
:10F57000019308BD6802030008B5024B1B68DB68F5
:10F58000019308BD6802030008B5024B1B685B6964
:10F59000019308BD6802030008B5024B1B681B6895
:10F5A000019308BD2C02030008B5024B1B685B6881
:10F5B000019308BD2C02030008B5024B1B689B6831
:10F5C000019308BD2C02030008B5024B1B68DB68E1
:10F5D000019308BD2C02030008B5024B1B681B6990
:10F5E000019308BD2C02030008B5024B1B685B6940
:10F5F000019308BD2C02030008B5024B1B689B69F0
:10F60000019308BD2C02030008B5024B1B68DB699F
:10F61000019308BD2C02030008B5024B1B681B6A4E
:10F62000019308BD2C02030008B5024B1B685B6AFE
:10F63000019308BD2C02030008B5024B1B681B6B2D
:10F64000019308BD2C02030008B5024B1B685B69DF
:10F65000019308BD6C02030008B5024B1B689B694F
:10F66000019308BD6C02030008B5024B1B685B6880
:10F67000019308BD1802030008B5024B1B689B6884
:10F68000019308BD1802030008B5024B1B68DB6834
:10F69000019308BD1802030008B5024B1B685B69A3
:10F6A000019308BD1802030008B5024B1B689B6A52
:10F6B000019308BD1802030008B5024B1B685B6C80
:10F6C000019308BD1802030008B5024B1B689B6C30
:10F6D000019308BD1802030008B5024B1B689B6D1F
:10F6E000019308BD1802030008B5024B1B68DB6DCF
:10F6F000019308BD1802030008B5024B1B685B6E3E
:10F70000019308BD1802030008B5024B1B685B6833
:10F71000019308BD4802030008B5024B1B68DB6873
:10F72000019308BD4802030008B5024B1B685B69E2
:10F73000019308BD4802030008B5024B1B68DB6952
:10F74000019308BD4802030008B5024B1B681B6A01
:10F75000019308BD4802030008B5024B1B685B6AB1
:10F76000019308BD4802030008B5024B1B689B6A61
:10F77000019308BD4802030008B5024B1B68DB6A11
:10F78000019308BD4802030008B5024B1B685B6B80
:10F79000019308BD4802030008B5024B1B685B6C6F
:10F7A000019308BD4802030008B5024B1B689B6C1F
:10F7B000019308BD4802030008B5024B1B68DB6CCF
:10F7C000019308BD4802030008B5024B1B685B6D3E
:10F7D000019308BD4802030008B5024B1B68DB6EAD
:10F7E000019308BD4802030008B5024B1B681B6F5C
:10F7F000019308BD4802030008B5024B1B685B6912
:10F80000019308BD6402030008B5024B1B681B6A24
:10F81000019308BD6402030008B5024B1B689B6A94
:10F82000019308BD6402030008B5024B1B689B6886
:10F83000019308BD3C02030008B5024B1B68DB685E
:10F84000019308BD3C02030008B5024B1B681B690D
:10F85000019308BD3C02030008B5024B1B685B69BD
:10F86000019308BD3C02030008B5024B1B689B696D
:10F87000019308BD3C02030008B5024B1B68DB691D
:10F88000019308BD3C02030008B5024B1B681B6ACC
:10F89000019308BD3C02030008B5024B1B689B6A3C
:10F8A000019308BD3C02030008B5024B1B68DB6AEC
:10F8B000019308BD3C02030008B5024B1B681B6C9A
:10F8C000019308BD3C02030008B5024B1B681B688E
:10F8D000019308BD2802030008B5024B1B68DB68D2
:10F8E000019308BD2802030008B5024B1B681B6981
:10F8F000019308BD2802030008B5024B1B689B69F1
:10F90000019308BD2802030008B5024B1B68DB69A0
:10F91000019308BD2802030008B5024B1B681B6A4F
:10F92000019308BD2802030008B5024B1B685B6AFF
:10F93000019308BD2802030008B5024B1B689B6AAF
:10F94000019308BD2802030008B5024B1B68DB6A5F
:10F95000019308BD2802030008B5024B1B681B6B0E
:10F96000019308BD2802030008B5024B1B685B6BBE
:10F97000019308BD2802030008B5024B1B681B6CED
:10F98000019308BD2802030008B5024B1B689B6C5D
:10F99000019308BD2802030008B5024B1B68DB6C0D
:10F9A000019308BD2802030008B5024B1B681B6DBC
:10F9B000019308BD2802030008B5024B1B689B6930
:10F9C000019308BD3802030008B5024B1B68DB69D0
:10F9D000019308BD3802030008B5024B1B681B6A7F
:10F9E000019308BD3802030008B5024B1B689B6AEF
:10F9F000019308BD3802030008B5024B1B681B6B5E
:10FA0000019308BD3802030008B5024B1B689B6BCD
:10FA1000019308BD3802030008B5024B1B681B6840
:10FA2000019308BD3002030008B5024B1B685B68F8
:10FA3000019308BD3002030008B5024B1B685B69E7
:10FA4000019308BD3002030008B5024B1B68DB6957
:10FA5000019308BD3002030008B5024B1B681B6A06
:10FA6000019308BD3002030008B5024B1B685B6AB6
:10FA7000019308BD3002030008B5024B1B689B6A66
:10FA8000019308BD3002030008B5024B1B689B6B55
:10FA9000019308BD3002030008B5024B1B68DB6B05
:10FAA000019308BD3002030008B5024B1B681B6CB4
:10FAB000019308BD3002030008B5024B1B685B6C64
:10FAC000019308BD3002030008B5024B1B685B6C54
:10FAD000019308BD7402030008B5024B1B681B6844
:10FAE000019308BD4C02030008B5024B1B685B681C
:10FAF000019308BD4C02030008B5024B1B689B68CC
:10FB0000019308BD4C02030008B5024B1B681B693A
:10FB1000019308BD4C02030008B5024B1B685B69EA
:10FB2000019308BD4C02030008B5024B1B689B699A
:10FB3000019308BD4C02030008B5024B1B68DB694A
:10FB4000019308BD4C02030008B5024B1B681B6AF9
:10FB5000019308BD4C02030008B5024B1B681B6DE6
:10FB6000019308BD6002030008B5024B1B685B6D82
:10FB7000019308BD6002030008B5024B1B68DB6EF1
:10FB8000019308BD6002030008B5024B1B681B6FA0
:10FB9000019308BD6002030008B5034B1B68D3F84E
:10FBA000D430019308BD00006002030008B5024B89
:10FBB0001B681B68019308BD2002030008B5024BB7
:10FBC0001B685B68019308BD2002030008B5024B67
:10FBD0001B685B69019308BD2002030008B5024B56
:10FBE0001B68DB6A019308BD2002030008B5024BC5
:10FBF0001B68DB6C019308BD2002030008B5024BB3
:10FC00001B685B6D019308BD2002030008B5024B21
:10FC10001B689B6D019308BD2002030008B5034BD0
:10FC20001B68D3F88830019308BD00002002030050
:10FC300008B5034B1B68D3F89430019308BD00004E
:10FC40002002030008B5034B1B68D3F8AC300193C6
:10FC500008BD00002002030008B5034B1B68D3F861
:10FC6000B030019308BD00002002030008B5024B2C
:10FC70001B685B68019308BD4002030008B5024B96
:10FC80001B689B68019308BD4002030008B5024B46
:10FC90001B68DB68019308BD4002030008B5024BF6
:10FCA0001B681B69019308BD4002030008B5024BA5
:10FCB0001B685B69019308BD4002030008B5024B55
:10FCC0001B689B69019308BD4002030008B5024B05
:10FCD0001B68DB69019308BD4002030008B5024BB5
:10FCE0001B681B6A019308BD4002030008B5024B64
:10FCF0001B681B6B019308BD4002030008B5024B53
:10FD00001B685B6B019308BD4002030008B5024B02
:10FD10001B681B6C019308BD4002030008B5024B31
:10FD20001B685B6C019308BD4002030008B5024BE1
:10FD30001B685B6D019308BD4002030008B5024BD0
:10FD40001B689B6D019308BD4002030008B5024B80
:10FD50001B685B68019308BD4402030008B5024BB1
:10FD60001B689B68019308BD4402030008B5024B61
:10FD70001B68DB68019308BD4402030008B5024B11
:10FD80001B685B69019308BD4402030008B5024B80
:10FD90001B68DB69019308BD4402030008B5024BF0
:10FDA0001B681B6A019308BD4402030008B5024B9F
:10FDB0001B681B6B019308BD4402030008B5024B8E
:10FDC0001B68DB6B019308BD4402030008B5024BBE
:10FDD0001B685B6C019308BD4402030008B5024B2D
:10FDE0001B681B68019308BD1C02030008B5024B89
:10FDF0001B685B68019308BD1C02030008B5024B39
:10FE00001B689B68019308BD1C02030008B5024BE8
:10FE10001B685B6A019308BD1C02030008B5024B16
:10FE20001B68DB6A019308BD1C02030008B5024B86
:10FE30001B681B6B019308BD1C02030008B5024B35
:10FE40001B68DB6B019308BD1C02030008B5024B65
:10FE50001B681B6C019308BD1C02030008B5024B14
:10FE60001B685B6C019308BD1C02030008B5024BC4
:10FE70001B68DB6C019308BD1C02030008B5024B34
:10FE80001B689B6D019308BD1C02030008B5024B63
:10FE90001B68DB6D019308BD1C0203000022406853
:10FEA0001146FFF71BBF002240681146FFF726BF2F
:10FEB00040680022FFF71ABF4068002281F001016C
:10FEC000FFF704BF002340681A461946FFF7F6BE45
:10FED000002340681A461946FFF7E8BE0022406832
:10FEE0001146FFF7DBBE002240681146FFF7C6BE91
:10FEF000406800220221FFF7C9BE002340681A466D
:10FF0000FFF7B4BE024B03225A60024A1A607047E0
:10FF100094DE032088710C000B6803604B6843601B
:10FF200013B15A6801325A6070470000024B002238
:10FF3000C3E900229A6070479CDE03200021FFF78E
:10FF4000BBBD0021FFF7B0BD10B5044608462170C7
:10FF5000FFF77AFD00236360204610BD13B5044609
:10FF60000078FFF7EEFF58B9207801904FF6FF7147
:10FF7000FFF752FD019802B0BDE81040FFF7DEBF69
:10FF800002B010BD13B504460078FFF7DAFF48B998
:10FF900020780190FFF748FD019802B0BDE81040BD
:10FFA000FFF7CCBF02B010BD0078FFF7C7BF00005D
:10FFB000400830B51860002418688842E5B206D9B8
:10FFC0000134082C02D040081860F5E70725024BE1
:10FFD0005B5D137030BD00BFC4710C002DE9F043B0
:10FFE00006468FB000780C46FFF7ABFF00281BDBFE
:10FFF00035781422002109A804F00AFF0B230022FF
:02000002C0003C
:1000000009A92846ADF82430FFF72EFD9DF82D30C4
:1000100013B19DF82C5055B10027B946B8460125BB
:1000200023795DB1C3B100200FB0BDE8F083DDF8E6
:1000300030809DF834909DF83570F1E7002B35D174
:10004000A368434508D18DF820908DF82170BDF844
:100050002020A3899A42E6D00023A1688DF80F30B2
:100060000A9804AB0DF10F02FFF7A2FF217985B9C1
:1000700089B9A36843450ED38DF820908DF821707F
:10008000BDF82020A3899A4205D1049B434502D1A3
:10009000C9E70029F9D100230193637B00939DF800
:1000A0000F20237B3078FFF7F7FCBCE7CDE9005544
:1000B0002B462A460121F5E708B50078FFF7BCFC7E
:1000C000C0B208BD30B587B004460A9D00950078DF
:1000D000FFF7D2FC3DB9207802A9FFF7D5FC9DF8C7
:1000E0001430DB07F7D407B030BD0022406811465A
:1000F000FFF7F4BD002240681146FFF7FFBD4068DE
:100100000022FFF7F3BD4068002281F00101FFF7F4
:10011000DDBD002340681A461946FFF7CFBD002316
:1001200040681A461946FFF7C1BD002240681146D3
:10013000FFF7B4BD002240681146FFF79FBD40683D
:1001400000220221FFF7A2BD002340681A46FFF7F4
:100150008DBD0000024B06225A60024A1A607047A9
:10016000A8DE0320D4710C0010B50446006818B155
:10017000FFF73CFE0023236010BD38B50C46054652
:10018000FFF7F2FF54B12088FFF728FE286028B15E
:1001900022882146BDE8384004F012BE38BD38B58B
:1001A000B1F904308380D1F80630C0F806304B89AD
:1001B00043810C460546FFF7D7FF236813B12B6038
:1001C0000023236038BD07B5002203460092114684
:1001D0000220FFF741FD03B05DF804FB07B50B46B5
:1001E00000210246009101208C21FFF735FD03B06C
:1001F0005DF804FB01460020FFF7F0BF0020FFF789
:10020000F9BF0000F0B52B4D0B7D04468BB00846BE
:10021000AF1D002B36D00B681B79002B32D0264B3C
:100220000493002202A90430CDE90222FFF70AFD5F
:10023000DDF80E30C5F8063000B2BDF81230ADF86A
:100240000C00A8800299BB802846FFF796FF02A801
:10025000FFF78AFF00232360A380A37123814FF659
:10026000FF736381B5F90430A380D5F80630C4F874
:100270000630BB88296863812046FFF77EFF204651
:100280000BB0F0BD00262023CDE902360B4B0093C6
:1002900002AA33460A493220FFF75EFC064B0548A6
:1002A00002964FF6F26202A9CDE90323FFF777FF2A
:1002B000CDE700BFB0DE03200000FFFF17720C0087
:1002C00010720C00054B02221A60054B054A9A6019
:1002D0000020C3E90000FFF771BC00BFBCDE0320B3
:1002E000B0DE03200000FFFF10B50446F4F746FD22
:1002F000013823182046834206D90278197800F87D
:10030000011B03F80129F6E710BD2DE9F041931E0A
:100310008CB0222B4FF000030D4614468DF82C3084
:1003200027D900282ADA2E462D2306F8013B404221
:100330000A240DF12B074FF001082246014601A8BF
:1003400004F01AFD029B0198092BCCBF3722302202
:1003500052FA83F307F8013908F101080028ECD1BB
:100360004246791C304604F02BFD28460CB0BDE80F
:10037000F0810A2AD5D018B12E46DAE70A24FAE726
:1003800030238DF82B302E460DF12A074FF002084E
:10039000E6E770B50C46911E22291DD8254630B9D6
:1003A000234430229D4210D205F8012BFAE7B0FB1E
:1003B000F2F602FB1600C1B2092894BF3031573162
:1003C000C9B205F8011B3046E9E7002320462B702F
:1003D000FFF78AFF204670BD0020FCE738B5031EFA
:1003E0000C4615460EDAB3F1004F4FF02D0214BF44
:1003F0005842184601230A702A461944FFF7C9FFDC
:10040000204638BD0123F9E708B50123FFF7C1FFF6
:1004100008BD00002DE9F14F57EC106B80460C46EB
:1004200010EE100A002200233946F4F727FA28B10B
:1004300007F100431F462D2304F8013B00234FF032
:1004400001090A22D9B2884503D902FB09F901330F
:10045000F8E74846F3F736FF32463B46F3F79CFF92
:1004600006460F46F4F7F8FA8A4605468B46F3F738
:100470005DFF02460B4630463946F3F7D5FD144B77
:100480000022F4F70FFA10B101354AF1000B4A4689
:100490002846D3175946F4F7C7FA012315462146D3
:1004A0000A22FFF776FFB8F1000F0ED02046F4F7CE
:1004B00065FC2E23211823540A2243460131284685
:1004C00001B0BDE8F04FFFF764BF01B0BDE8F08FA9
:1004D0000000E03F10B504460068FFF787FC2046A7
:1004E00010BD10B50446006808B1FFF77FFC00237B
:1004F000C4E90133236010BD38B504460D460068D9
:100500000131FFF77BFC10B1C4E90005012038BDC3
:1005100010B50368044623B143688B4201D3012020
:1005200010BD2046FFF7E8FF0028F9D0A368002B94
:10053000F5D122681370F2E737B50D4611460192E6
:100540000446FFF7E5FF019A28B92046FFF7C9FFE7
:10055000204603B030BDA2602946206804F030FC7C
:100560002268A3680021D154F2E7002313B5C0E943
:10057000003304468360037341B108460191F4F7E8
:10058000FDFB019902462046FFF7D6FF204602B048
:1005900010BD38B5054600680C4670B16A688B68B6
:1005A0009A4208D3096831B104F08FFCA368AB60AC
:1005B0000023A36038BDFFF719FC23682B60636834
:1005C0006B60A368AB600023C4E90033F1E710B5AA
:1005D0000023C0E90033044683600373FFF7D9FFAB
:1005E000204610BD884210B5044605D00B682BB1DB
:1005F0008A681946FFF7A0FF204610BDFFF771FF7C
:10060000FAE710B500230446C0E9003383600373A2
:10061000FFF7E8FF204610BD884210B5044601D020
:10062000FFF7B7FF204610BD884210B5044601D041
:10063000FFF7AFFF204610BD13B5044659B1084679
:100640000191F4F79BFB019902462046FFF774FFE6
:10065000204602B010BDFFF744FFF9E770B50D4624
:100660008AB000210446C0E900111646816001737A
:100670001D2202A8019104F0CBFB324601A92846B5
:10068000FFF7C2FE01A92046FFF7D6FF20460AB0B9
:1006900070BD70B50D468AB000210446C0E9001156
:1006A0001646816001731E2202A8019104F0B0FB7E
:1006B000324601A92846FFF728FE01A92046FFF788
:1006C000BBFF20460AB070BD70B50D468AB0002150
:1006D0000446C0E900111646816001731D2202A87C
:1006E000019104F095FB0123324601A92846FFF74A
:1006F00050FE01A92046FFF79FFF20460AB070BDBB
:1007000070B510EE106A8AB00D4600211D22044615
:10071000C0E900118160017302A8019104F078FB27
:100720003046F3F7E1FDEDB241EC100B01A928468C
:10073000FFF770FE01A92046FFF77EFF20460AB0B2
:1007400070BDF8B5044616460F4609B90020F8BD3D
:100750008AB1856815442946FFF7DAFE0028F5D0EE
:10076000A368206832461844394604F029FB236800
:1007700000225A55A5600120E9E78A680968FFF759
:10078000E0BF07B50023ADF8043001228DF8041056
:1007900001A9FFF7D6FF03B05DF804FB10B58A6826
:1007A00009680446FFF7CDFF10B92046FFF799FE10
:1007B000204610BD13B5044629B92046FFF791FE27
:1007C000204602B010BD08460191F4F7D7FA01990E
:1007D00002462046FFF7B5FF0028EED0F0E70246BC
:1007E00000680B4660B139B9916839B1007870473B
:1007F000187840B140427047F4F7B6BA08467047DF
:100800000029F5D10846704710B5134684688A68F8
:10081000A41A9C420AD3006838B1096841B118444F
:1008200004F079FBB0FA80F0400910BD0020FCE72D
:100830000846FAE782688B689A4202D30022FFF7E3
:10084000E3BF0020704710B58368934206D904685F
:10085000A01804F023FB08B1001B10BD4FF0FF30BF
:10086000FBE70022FFF7EFBFF8B59A420F461D469F
:100870000C4988BF13461446064684BF2C461D46C5
:10088000FFF773FEBB68A3420AD33968AB4294BF3B
:10089000C4EB0302C4EB050221443046FFF74CFED3
:1008A0003046F8BD7F6F0C0010B504468B68FFF72B
:1008B000DBFF204610BD2DE9F0410668054606B372
:1008C0008468F4B1B046474618F8010B04F04CFABE
:1008D0000028F8D1013C3444207804F045FA18B1DE
:1008E000A74201D8013CF7E7621CD21BBE42AA60B6
:1008F00003D23946304604F063FA2A68AB68002117
:10090000D1542846BDE8F081006808B104F018BA57
:10091000704700000EB470B587B00BAD044655F8B3
:10092000042B01922B46052104A80395FFF76EFACC
:100930000B4906462046FFF718FE31462046FFF7D2
:10094000E7FD206830B1019A03952B46711CFFF733
:100950005DFAA060204607B0BDE8704003B0704764
:100960007F6F0C0010B54368013B0446436063B9D8
:1009700003689B689847A368013BA3602BB9236871
:100980002046DB68BDE81040184710BD70B5D0E9BF
:100990000053044605EB0316AE4204D02846FFF789
:1009A00099FD1035F8E72068FFF720FA204670BD62
:1009B000024800230360FEF7EFBE00BFC0DE032045
:1009C00010B5044680680368DB689847E3681844FC
:1009D000E06010BDF8B506460D468F180024BD42F4
:1009E0000CD0336815F8011B9B6830469847031EEE
:1009F00001DB1C44F3E7002C08BF1C462046F8BD71
:100A0000704710B510210446F4F7FFF9204610BDD9
:100A100013B50446084659B10191F4F7AFF92368BC
:100A20000199DB680246204602B0BDE81040184735
:100A300002B010BD08B5FFF7EBFF08BD03689B6867
:100A4000184708B5FFF7E4FF08BD38B50D21054686
:100A5000FFF7F4FF0A2104462846FFF7EFFF204482
:100A600038BD38B50546FFF7D3FF04462846FFF7E3
:100A7000ECFF204438BDFFF7F4BF30B58BB0002346
:100A8000012A8DF8243098BF0A2209AC0D46B1FB2B
:100A9000F2F101FB125303F0FF03092B94BF303333
:100AA0003733DBB2AA4204F8013DEFD92146FFF704
:100AB000AFFF0BB030BD2DE9F04186B000AF054669
:100AC0000E46381D142114463B60FFF79FF913288A
:100AD0000ED8391D2846FFF79BFF04461EB1284655
:100AE000FFF7B3FF044420461837BD46BDE8F08148
:100AF00000F1080323F00703E846ADEB030D22469F
:100B0000411C3B686846FFF781F969462846FFF7B4
:100B10007FFF0446C546E1E710B50446FEF7BCFD7D
:100B2000E060236820465B699847002808DAFEF7F2
:100B3000B3FDE368C01AA3689842F2D34FF0FF30C8
:100B400010BD2DE9F04107460C468E180D46B54202
:100B5000A5EB040807D03846FFF7DEFF031E02DBD3
:100B600005F8013BF3E74046BDE8F08170B50D465E
:100B7000094904461646FFF7F8FC2846FFF7CCFF64
:100B8000002806DB864204D0C1B22046FFF7F9FDFB
:100B9000F3E7204670BD00BF7F6F0C00704708462A
:100BA00011B10B685B681847704770477047704712
:100BB00038B504460D4600682E2104F07CF9236800
:100BC000C31A2B6023B1037803B10130236820607E
:100BD000184638BD10B504210446F4F716F920462E
:100BE00010BD10B504210446F4F70FF9204610BDDE
:100BF000FEF7E2BD08B5F4F7B7F8B0FA80F04009A7
:100C000008BD704710B50C4601F046FE844210D076
:100C100002F064FE844205D102F060FEBDE810409F
:100C200002F037B92CB1236820465B68BDE810405C
:100C3000184710BD13B5044608460191F4F79EF815
:100C400001990246204602B0BDE8104002F012B8F9
:100C500013B5044608460191F4F790F8236801990A
:100C6000DB680246204602B0BDE81040184707B5D1
:100C700003688DF80710DB6801220DF10701984722
:100C800003B05DF804FB00002DE9F74FD0E90084C4
:100C90004FF0140A00930AFB04F4184BA4101746F3
:100CA0005C434546002C21DD66100AFB06F005EB8F
:100CB00000093A46B9F804B0285801915F4528BFA9
:100CC0005A4604F028F9002801994FF001030BD18E
:100CD0005F4503D1009A13703446E3E7FCD9A61BA5
:100CE00009F11405013EF7E7F9DBF5E7A5EB080587
:100CF0000248AD10684303B0BDE8F08FCDCCCCCC3A
:100D00007FB50369057E019103B3F9B1002600F1B7
:100D10000C04039603A901A8FFF74AFF0146A8B1F6
:100D20000DF10B03039A8DF80B602046FFF7ACFF23
:100D30009DF80B3053B12368142404FB00340834AD
:100D400034F9023C002BA8BFDDB2E3E7284604B02B
:100D500070BD0EB4F0B58CB000AF07F14405044689
:100D600055F8042B7A602B46202107F11000FD6016
:100D7000FFF74CF81F287A681AD900F1080323F00E
:100D800007036E46ADEB030D411C2B466846FD6024
:100D9000FFF73CF8021E04DD23686946DB68204645
:100DA0009847B5463037BD46BDE8F04003B07047C0
:100DB0000028F7D023680246DB6807F110012046BF
:100DC0009847EFE710B5094C2378BFF35B8FDB073B
:100DD00009D42046FFF752F828B12046FFF756F80D
:100DE000034803F0A7FF034810BD00BFC8DE03207F
:100DF000AB0B0C00B4D3032010B5094C2378BFF320
:100E00005B8FDB0709D42046FFF738F828B120466E
:100E1000FFF73CF8034803F08DFF034810BD00BF07
:100E2000CCDE0320030C0C00B8D3032038B500251A
:100E30000446C0E90055C0E904558560856140F865
:100E4000245FFEF7A9FCFFF7BDFFE061FFF7D4FFC9
:100E500025732062204638BD10B50A4C2378BFF3B5
:100E60005B8FDB070CD42046FFF708F840B106483B
:100E7000FFF7DCFF2046FFF709F8044803F05AFFAC
:100E8000014810BDC4DE0320D4DE0320D1130C00C2
:100E9000024A034903480023FEF776BEB5110C0051
:100EA00041110C00C1100C0000231A4619461846C7
:100EB000FEF76ABE37B58D6804466846FFF72CF822
:100EC0006A462946204601F0F5FD01A8F5F72AFA01
:100ED000204603B030BD37B5CD6804466846FFF7FD
:100EE0001BF86A462946204601F0C0FD01A8F5F727
:100EF00019FA204603B030BD37B50D69044668467F
:100F0000FFF70AF86A462946204601F058FD01A875
:100F1000F5F708FA204603B030BD000070B58AB07E
:100F20000D46014604A8FFF7C5FF144E04A801F0C2
:100F3000D9FDE8B104A96846FFF7CDFF0298314614
:100F4000FFF758FE044610B12C1E18BF012401A85B
:100F5000F5F7E8F9002CE9D004A96846FFF7CCFFC3
:100F6000684601F062FD286001A8F5F7DBF9DDE7CE
:100F700005A8F5F7D7F90AB070BD00BF60720C0084
:100F800037B50C46204613491546F3F7EDFE50B928
:100F900001F082FC4FF4165101F06EFC03B0BDE885
:100FA000304001F079BC0C492046F3F7DDFE78B9FA
:100FB0004FF4165301A928460193FFF7AFFF02F043
:100FC0008DFC019901F062FF02F088FC03B030BD96
:100FD0000020FBE765720C006C720C0070B5D0E964
:100FE00000531426044606FB0356AE4205D005F115
:100FF0000800FFF7F3FF1435F7E72068FEF7F6FE69
:10100000204670BD10B504460C30FFF7E7FF2046C0
:10101000FFF7BCFC204610BD10B5044B044640F859
:10102000043BFFF7EFFF204610BD00BFF4500C005B
:1010300010B50446FFF7F0FF20462421F3F7E5FE44
:10104000204610BD10B5034B03600446FFF7E4FFD4
:10105000204610BDF0720C0010B50446FFF7F2FFF9
:1010600020462421F3F7D1FE204610BD0A68026015
:101070004A6842600022C0E9022210B502618C6811
:101080008460CC68C4600C698A60CA6004610A61CB
:1010900010BD0022C0E9002210B582600C68046017
:1010A0004C6844608C680A604A6084608A6010BD45
:1010B00010B5036804461868FEF786FB204610BD8D
:1010C0002DE9F04F87B0804603931C4B5B68C3F358
:1010D0000803894616466BB9FFF7BEFE044600F1C9
:1010E0002403406A0593FFF783FD237B2BB105A8FA
:1010F000FFF7DEFF07B0BDE8F08F01232373D4E9CB
:1011000000535FFA89F905EB830AAA4512D055F816
:10111000047B3146381DFFF7F3FD8145F5D33B686D
:10112000039A0092D3F808B04A46334641463846FF
:10113000D847EAE700232373D9E700BF00ED00E0BA
:101140002DE9F74F9B461A4B5B68C3F308038046B3
:10115000894616466BB9FFF77FFE044600F124036B
:10116000406A0193FFF744FD237B2BB101A8FFF7F1
:101170009FFF03B0BDE8F08F01232373D4E9005330
:10118000F6B205EB830A55450ED055F8047B594657
:10119000381DFFF7B5FD8642F5D33B684A46DB684C
:1011A000414638469847EEE700232373DEE700BF49
:1011B00000ED00E02DE9F341164B5B68C3F3080333
:1011C00005460F461BBBFFF747FE00F1240304460C
:1011D000406A0193FFF70CFDD4E90063462406EB57
:1011E0008308B04509D101A8FFF762FFA542B4BF4B
:1011F0000020012002B0BDE8F08156F8040B39460A
:101200000430FFF77DFD8442A8BF0446E9E70020D3
:10121000F0E700BF00ED00E0F8B5D0E901539D42D2
:1012200004460E460DDB6F1C002F006804DDB9007C
:10123000FEF7E4FD18B9F8BDFEF7D8FD00202060E8
:10124000A7602768626807EB85019200A2EB850220
:10125000081D03F0C3FD47F8256063680133636030
:101260000120E8E737B500F124030446406A019302
:101270000D46FFF7BDFCD4E9003203EB8202934236
:1012800019460BD00968A94203F10403F7D101A85C
:10129000FFF70EFF0025284603B030BD2946204643
:1012A000FFF7BAFF05460028F1D06368012B01D192
:1012B000FFF7EEFD01A8FFF7FBFEECE770B5044673
:1012C000D0E900020B4600EB820282420FD00146B9
:1012D0001D6851F8046BAE4207D1521A03F07EFD2F
:1012E0006368013B6360012070BD0846EDE70020A4
:1012F000FAE71FB500F124030446406A0191039305
:10130000FFF776FC01A92046FFF7D8FF18B1636804
:101310000BB9FFF7C9FD03A8FFF7CAFE04B010BD63
:1013200070B5D0E904561823044603FB0656AE42B6
:1013300015D005F110012046FFF7C0FF63680BB917
:10134000FFF7B2FDE06929690368DB6898476969BE
:1013500019B1206A0368DB6898471835E7E7D4E9D4
:101360000453182606FB0356AE4204D02846FFF766
:10137000B1F81835F8E70023636170BD73B5044612
:10138000FFF792FD04F12403606A0193FFF730FC3C
:101390002046FFF7C5FF01A8FFF78AFE606A08B183
:1013A000FEF702FAD4E90453182606FB0356AE42B0
:1013B00004D02846FFF78EF81835F8E72069FEF7C5
:1013C00015FD2068FEF712FD204602B070BD00003A
:1013D0000148FFF7D3BF00BFD4DE03208842F8B531
:1013E00004460D46164615D9904214D2A2F11406B1
:1013F000751AA1F114072C44B7421AD01CB131461A
:101400002046FFF733FE06F10800FFF7E7FD143E24
:10141000143CF1E70DD0B5420BD01CB12946204653
:10142000FFF724FE05F10800FFF7D8FD143514344A
:10143000F1E7F8BD8842F8B504460D46164614D9C2
:10144000904213D2A2F11006751AA1F110072C4494
:10145000B74218D01CB131462046FFF7B8F83046E5
:10146000FFF738F8103E103CF2E70CD0B5420AD036
:101470001CB129462046FFF7AAF82846FFF72AF8AC
:1014800010351034F2E7F8BD70B50E1E054611DDBB
:101490003001FEF7A3FC044658B1D5E9001201EB78
:1014A0000212FFF7C7FF2868FEF7A0FC2C60AE60B1
:1014B000012070BD0024F6E72DE9F04F904695B06D
:1014C00000230391D8F804100A9346229942C0E9F8
:1014D0000033C0E90233C0E90433CDE908330446E0
:1014E000027623DCD8E90057142303FB0757AF42E9
:1014F0003BD029460BA8FFF76AF80BA90FA8099E55
:10150000FFF765F8DDE9091399421BDA089B099A90
:1015100003EB061603EB0212314606F11000FFF74B
:1015200089FFEEB9099B0133099311E008A8FFF781
:10153000ABFF0028D6D108A8FFF728FA204615B03F
:10154000BDE8F08F013108A8FFF79EFF0028DDD12C
:101550000FA8FEF7BFFF0BA8FEF7BCFF1435C6E7C8
:101560000FA93046FFF733F8DCE70026CDE90B661C
:101570000D964FF01409DDE908239E427CDA330111
:10158000D35806930BB90136F5E70023079309FBFF
:1015900006F302930BAD07A906A8FFF709FB8246E5
:1015A0000028F0D04FF000038DF817300146079A5D
:1015B0000DF117032846FFF767FB9DF817700190A0
:1015C000002F4AD1BDF81C30ADF84030CDE911777D
:1015D0004FF6FF73CDF83CA0ADF842301397D5E934
:1015E0000132934217DB03F1010ABAF1000F30DD3B
:1015F00009FB0AF0FEF7F2FB834660B3D5E900125F
:1016000009FB0212FFF7EAFE2868FEF7EFFBC5F8B8
:1016100000B0C5F808A02B68019A09FB023A6A6875
:10162000514609FB02320AF11400FFF7D7FEBAF166
:10163000000F03D00FA95046FFF718FD6B68013368
:101640006B6011A8FFF7CAFC3FB10BA8FFF7C6FCFF
:1016500071E7BB46D8E70127F3E7019B2D6809FB3B
:101660000355069B1B782BB9D8F80030029A134417
:101670001B7CEB8008358EE721682260626863601E
:10168000A36809920A9A0A93E368A2600B9A0B93E3
:101690002369E2600C9A0C93636922610D9A0D93A1
:1016A000039B089162612376CFE70000F0B5044602
:1016B00087B00D462646194668461746F3F7D5FC0F
:1016C0000B4B46F8043B694603A8F3F7CEFC03AA8C
:1016D00039463046FFF7F0FE03A8F3F785FC68466D
:1016E000F3F782FC034B23602046256207B0F0BD70
:1016F000F4500C00D8720C00F0B50F4685B01D49AF
:101700000A9C384616461D46F3F72EFBC0B9A4B115
:10171000294601A8FFF7BDFC1749242002F06AF909
:10172000054630B101AB32462146FFF7BFFF134BF0
:101730002B6001A8F3F758FC2C46204605B0F0BDFD
:101740000F493846F3F710FB90B9002CF5D0294625
:1017500001A8FFF79EFC0849242002F04BF905463A
:101760000028E6D001AB32462146FFF79FFFE0E7B5
:101770000024E2E774720C0074750C00F0720C0027
:1017800078720C00014B024A1A607047D0DE0320C9
:1017900089720C002DE9F047089DD0F8209004468E
:1017A0000E461746984601F077F881454CD02B79C4
:1017B000190704D56A6954492046FFF7CAFAB8F1F7
:1017C000000F0DD05B212046FFF751FA414620461D
:1017D000FFF73EFA23684D49DB680222204698470E
:1017E0002B79DA0723D5D5F808802F21404603F05E
:1017F000B9FB08B100F1010841462046FFF728FA7D
:101800002B799B0708D53A212046FFF730FAEA6882
:101810003F492046FFF79DFA2A79236812F0040F0A
:10182000DB6814BF3B493C490222204698472B798C
:1018300058071DD529690B461A4613F8010B60B1EC
:10184000202808D11946F7E7344801F0F2FE0028B5
:10185000ADD0BDE8F0872828EED12368521ADB68A6
:101860002046984723682E49DB6804222046984783
:1018700000213846FEF780F901462046FFF7E8F9D7
:1018800023682549DB680222204698471EB131466D
:101890002046FFF7DDF92B7913F0300F2CD02368A9
:1018A0002049DB680222204698472B79D9060AD5C1
:1018B00023681D49DB68072220469847AA691B490F
:1018C0002046FFF746FA2B799A0611D5DB0605D597
:1018D00023681049DB680222204698472368144990
:1018E000DB6820460A229847E9692046FFF7B0F9ED
:1018F0005D212046FFF7BBF923680E49DB682046CF
:101900000222BDE8F04718478D720C0094720C005B
:10191000E6670C0097720C0054640C00B4DF0320DF
:101920009A720C009F720C00A2720C00AA720C003A
:10193000AD720C00B8720C002DE9F0410446076A44
:101940000D46164600F0A8FF874207D0206A0368BC
:1019500032462946DB68BDE8F0411847034801F0EC
:1019600068FE0028F2D0BDE8F08100BFB4DF03209C
:101970002DE9F04385B0D0F820900C9C05460F4629
:1019800090461E4600F088FF814505D1494801F088
:1019900050FE002840F08A802B6A474A00924FF0A0
:1019A00000096846CDE902398DF8049001F0C3F8CA
:1019B00049464046FEF7E0F8404980460122684625
:1019C00001F048F94146FFF735F93FB13C490122A2
:1019D000684601F03FF93946FFF72CF93EB1394925
:1019E0000122684601F036F93146FFF723F92379E1
:1019F000DF070ED5A6682F21304603F0B3FA00B1F9
:101A0000461C31490122684601F024F93146FFF7AE
:101A100011F923799E0707D52C490222684601F067
:101A200019F9E16801F094F82379580714D526696B
:101A300033461F4613F8012B2AB1202A01D11E4636
:101A4000F7E7282AF5D122490222684601F002F977
:101A5000BA1B314601F00EF92379190707D51D4944
:101A60000122684601F0F6F8616901F083F82379F4
:101A7000DA0607D518490422684601F0EBF8A16997
:101A800001F066F823799B0607D5144906226846BB
:101A900001F0E0F8E169FFF7CDF8684601F035F8AC
:101AA000286A0F4903680222DB68984705B0BDE841
:101AB000F08300BFB4DF032050720C006A720C0088
:101AC000BB720C0012770C00B5660C00BD720C00E6
:101AD000C0720C00B2570C00C3720C00C8720C002C
:101AE000B8720C002DE9F041154ADFF86080D2E9A8
:101AF0000063801943EB0101124BD3E90067D8E979
:101B00000023861941EB0707BB4208BFB2428CB0E5
:101B100013D003A96846CDE90067FEF7A7F9089B33
:101B2000094D03F26C7303AC08930FCC0FC50FCCB7
:101B30000FC5C8E9006723682B600CB0BDE8F081D1
:101B400030DF032028DF032000DF032038DF0320FD
:101B500008B50020FEF72AF928B1FEF70FF980F04A
:101B60000100C0B208BD0120FCE7000008B5FFF786
:101B7000B9FF024B1869013008BD00BF00DF032028
:101B800010B50020FDF7A8FD0446A0B9FEF70EF839
:101B9000012810D12046FEF739F860B9FFF7D8FFC9
:101BA00010B9FEF7DBF8F9E7FFF7D2FFBDE8104008
:101BB0000020FDF791BD204610BD1FB5FFF7E0FFE7
:101BC00010220021684603F023F900216846FDF742
:101BD00093FD009805B05DF804FB000008B5FFF721
:101BE000ECFFC117FFF77EFF014B986808BD00BFEF
:101BF00000DF032008B5FFF7E0FFC117FFF772FF12
:101C0000014B586808BD00BF00DF032008B5FFF78F
:101C1000D4FFC117FFF766FF014BD86808BD00BFAE
:101C200000DF032008B5FFF7C8FFBDE80840C11773
:101C3000FFF79CBF024B1A68024B1A60704700BF47
:101C4000BCD30320FCDE03200021FDF7BFBF000052
:101C500010B5044B03600446806908B1FEF782FEAC
:101C6000204610BDD8740C0010B50446FFF7F0FFF5
:101C700020461C21F3F7C9F8204610BD014B002275
:101C80009A60704740DF03207047007B7047037BFA
:101C90004BB10369B3F1004F05D08069B0F100404A
:101CA00018BF012070470020704703681B6A18475F
:101CB00010B520210446F3F7A8F8204610BD000017
:101CC000037B7BB14369002B0CDB07EE903A9FED61
:101CD000077AF8EEE77A87EE870ADFED057A20EEDD
:101CE000270A7047BFEE000A704700BF00FF7F471A
:101CF0000000C842037B63B10369B3F1004F08D011
:101D000007EE903A9FED047AF8EEE77A87EE870ABD
:101D100070479FED020A70470000C84200000000B3
:101D2000037B7BB1C369002B0CDB07EE903A9FED80
:101D3000077AF8EEE77A87EE870ADFED057A20EE7C
:101D4000270A7047BFEE000A704700BF00FF7F47B9
:101D50000000C842037B63B18369B3F1004F08D030
:101D600007EE903A9FED047AF8EEE77A87EE870A5D
:101D700070479FED020A70470000C8420000000053
:101D800070B50C1E06460ADA2D21FEF757FE614299
:101D900005460A223046FEF770FE284470BD2146F3
:101DA0000025F6E72DE9F84F55EC104B07460E4697
:101DB00010EE102A10EE100A2B462946F2F786FD87
:101DC00028B14C493846BDE8F84FFEF733BE25F040
:101DD0000049494B4FF0FF3220464946F2F776FD65
:101DE00048B9454B4FF0FF3220464946F2F750FDC7
:101DF00008B94249E6E7424B4FF060422046294687
:101E0000F2F75AFD08B13F49DCE73F4B4FF0604223
:101E100020462946F2F732FD0028F4D100220023A3
:101E200020462946F2F72AFDD0B12D213846FEF78B
:101E300005FE05F1004382461D463449DFF8D49083
:101E40004FF0000B00204FF000085FFA8BF39E422A
:101E500008D942464B46F2F7C9FB0BF1010BF4E7F8
:101E60008246EAE702460B4620462946F2F7DEF8AC
:101E70000D460446F2F768FD8046F2F713FA024673
:101E80000B4620462946F2F7CFF80A2204460D46B3
:101E900038464146FEF7F1FD82443EB31C49DFF867
:101EA00074903846FEF7C6FD4FF000088244EEB14C
:101EB00042464B4620462946F2F76EFA0D46044646
:101EC000F2F71AFD014683463846FFF759FF824470
:101ED0005846F2F7F7F902460B4620462946F2F734
:101EE000A3F8013E04460D46F6B2E0E75046BDE8D1
:101EF000F88F00BF4C730C00FFFFEF7F50730C0096
:101F0000FFFFEF4154730C00FFFFEFC10000E03F03
:101F10009B600C000000244070B503681B690C46F0
:101F20000546984710EE100AF2F7DEF941EC100B67
:101F300002212046FFF736FF2C2106462046FEF7F9
:101F40007DFD2B6806449B692846984710EE100AD1
:101F5000F2F7CAF941EC100B02212046FFF722FFED
:101F6000304470BDA0F10400FFF7D6BF30B50D4678
:101F700000F108040FCD0FC495E8030084E80300C6
:101F8000012030BD006801F035B810B5044601608D
:101F900002710AB1FFF7F6FF204610BD13B50446E3
:101FA000019101F003FD019A01462046FFF7EDFF84
:101FB000204602B010BD0000014B1860704700BF02
:101FC000C4D3032008B50B4B43B100F065FC036894
:101FD0001B699847002801DDF5F768FB064B43B104
:101FE00001F07CFC03681B699847002801DDAFF312
:101FF000008008BDAD760B000000000008B5FFF7BB
:10200000E1FFFDF749FB014B186008BDD4DF032059
:102010000548064A064908B5121A02F0D1FE054BDA
:10202000054A1A6008BD00BF00F403201CF4032019
:1020300034790C0018F403201E1C279A07B50023DE
:1020400000931A466FF07701FDF7F2FD03B05DF8DB
:1020500004FB000007B543880A2B08D0502B0BD196
:10206000094B1B684BB103B05DF804EB1847FFF751
:10207000E5FF03B05DF804FB002300931A466FF000
:102080007701FDF7D5FDF4E754DF032010B51248C2
:102090000021FDF7E3FE114B1A68114B9A42114BD8
:1020A0000CBF012200221A7001D0FFF7B1FFFDF72B
:1020B000DBFA044602F0C4FE0B4B13B12046AFF32B
:1020C000008000210848FDF779FEBDE81040074870
:1020D0000021FDF7A3BD00BFB91F0C0018F40320B9
:1020E0001E1C279A50DF03200000000055200C0022
:1020F00070470020704710B510210446F2F785FEA6
:10210000204610BD08B5FFF7F6FF08BD30B5002228
:102110004FF69C74026084808D888C800C6885806A
:1021200004600A6030BD10B504460068FDF75EFE2D
:10213000204610BD38B5C468F4B12378022B03D112
:1021400004F10C00FFF7EFFF656835B12846F2F7A0
:10215000C1FE10212846F2F758FEA56835B1284681
:10216000F2F7B8FE10212846F2F74FFE2046142160
:10217000BDE83840F2F749BE38BD002242810C224A
:1021800002800A6882700A7AC2704A6842604A7A9B
:1021900002728A7A4272704710B588B00446684667
:1021A000FEF7E3F9694604A8FEF72BFA04A8A04756
:1021B000044604A8FEF78EF96846FEF78BF9204620
:1021C00008B010BD1FB50023CDE902010192102413
:1021D0001A4669461846ADF80230ADF80040FDF7E2
:1021E000B5FD04B010BD1FB5014601A8FFF7C5FF3E
:1021F0000021FDF7EBFD05B05DF804FB0B68036003
:102200004B68436013B15A6801325A60704737B562
:10221000044668460D46FFF7F1FF009B019A2360D4
:102220006260002301A801930093F4F77BF835B1B5
:10223000281DF4F777F808212846F2F7E6FD204636
:1022400003B030BD826810B50AB901F0D7FBBDE814
:102250001040C368184708B5006800F11001FFF787
:10226000F1FF08BD826810B50AB901F0C7FBBDE8EF
:102270001040C368184708B5006800F11001FFF767
:10228000F1FF08BD38B500230446036010200D4659
:10229000F2F7B7FD28B10123C0E90133024B036017
:1022A000C5602060204638BD9C730C007FB5054694
:1022B000ADF804100026694602A80096FFF726FF35
:1022C0001420F2F79EFD044648B102230370012357
:1022D000C0E90166437002A90C30FFF717FF2846DA
:1022E000214640F8044BFFF7CDFF02A8FFF71BFF84
:1022F0006846FFF718FF284604B070BD38B50023C4
:1023000083608B6804460D462BB102229847EB6828
:10231000E360AB68A360204638BD0000F0B589B02B
:1023200004686846FFF7F2FE4FF00203D4E84F2F2F
:10233000002A03D1C4E8413F0029F7D125D104F197
:102340000C0569462846FFF7E1FEBFF35B8F0123CA
:102350006370002004F10803BFF35B8F53E8006F44
:1023600043E80002002AF9D1BFF35B8F6EB1FDF79D
:102370003DFC78B129463046FFF764FF3046F2F75E
:10238000A9FD10213046F2F740FD6846FFF7CBFE6D
:1023900009B0F0BD314602A8FFF7B0FFE068B4F91C
:1023A000105008B102F09AFD06901020ADF81C50B4
:1023B000F2F727FD0546E8B1002787601820F2F7FD
:1023C00020FD044688B10146876002A8FCF73EFB69
:1023D000049BA268A360059B049206A9E268E360DF
:1023E00004F110000592FFF791FE084BEB60084BDB
:1023F0002C60AB6006A8FFF796FE02A8F2F76AFD14
:10240000002229460348FDF7F9FBB7E757220C00E5
:10241000F1240C00992E0C002DE9F0438DB00446F8
:102420009DF858800E4617469946FDF7A7FC40B91F
:102430006FF0D1012046FFF739FF20460DB0BDE80F
:10244000F083149BCDF8289014200025CDE9085581
:1024500007900B93F2F7D5FC014618B1C0E901557E
:102460000570457004A80391FFF70CFF1F4B0893FC
:102470000820F2F7C6FC054610B103A9FFF7BEFE1F
:1024800007AB0093159A09955FFA88F339463046F1
:10249000FDF784FCB8B9039B5B7803F0FF0293B9A6
:1024A0004FF69C7305A903A80592ADF81830FFF705
:1024B00035FF05A8FFF737FE05A80999FFF7A7FE26
:1024C00006A8F3F72FFF03A905A8FFF797FE059BC2
:1024D000069A23606260002306A806930593F3F72B
:1024E00021FF04A8F3F71EFFA7E700BFB5250C00E6
:1024F000012AF8B5054603D10B6803600020F8BD3A
:10250000022A10D0032AF9D10468002CF6D004F175
:102510001000FFF708FE2046F2F7DCFC18212046E9
:10252000F2F773FCEAE718200E68F2F76AFC04463B
:1025300050B13146FFF7E2FE3069B6F9147008B1C8
:1025400002F0CCFC2061A7822C60D7E738B50023CD
:1025500083608B6804460D462BB102229847EB68D6
:10256000E360AB68A360204638BD012A70B504461D
:1025700003D10B680360002070BD022A0CD0032A2F
:10258000F9D10468002CF6D02046F2F7A3FC142100
:102590002046F2F73AFCEEE714200E68F2F731FC21
:1025A000054620B13146FFF7D1FF337C2B742560FF
:1025B000E1E70000F0B589B004460D4601A81146D8
:1025C000FFF725FEA4B124B21DB1284602F086FC17
:1025D000054601A803A90395ADF81040FFF79EFE3C
:1025E00003A8FFF7A0FD02A8F3F79CFE09B0F0BD19
:1025F000019D0123D5E84F2F002A03D1C5E8413FB3
:102600000029F7D1EFD12B73BFF35B8F6B702B1DBC
:10261000BFF35B8F53E8006F43E80042002AF9D113
:10262000BFF35B8F002EDED02046FDF7DFFA0746B2
:1026300060B105F10C013046FFF714FE3046F2F7A9
:1026400049FC10213046F2F7E0FBCCE7314603A805
:10265000FFF77CFF2B7B8DF81C301020F2F7D1FBAD
:102660000546D0B187601420F2F7CBFB044678B161
:102670008760014603A8FCF7E9F9059BA268A360FF
:10268000069B0592E268E3609DF81C300692237475
:10269000064BEB60064B2C60AB6003A8F2F71AFC0C
:1026A000002229460348FDF7A9FAC7E777220C0064
:1026B0006B250C00992E0C00704710B518210446AC
:1026C000F2F7A3FB204610BDF0B5037D062B8DB0BD
:1026D0000E4600F104074FF0000412D000F1080587
:1026E00015F8011D0A223046FEF7C7F9AF4204442F
:1026F00019D0002CF4D02E213046FEF79FF9044467
:10270000EEE72F236A4639460A208DF80040FDF790
:1027100073F86846F2F732FB33680246DB686946B5
:1027200030469847044620460DB0F0BD10B5054B25
:102730000446112240F8043B002102F069FB2046C8
:1027400010BD00BFB8730C000346074A10B543F82C
:10275000042B01F1100251F8044B43F8044B914251
:10276000F9D10A781A7010BDB8730C00037D042BE0
:1027700004D14068003818BF01207047062B07D1EC
:1027800043683BB983682BB9C3681BB90069F1E79B
:10279000002070470120704710B59DF8084044EABA
:1027A000032343EA024242EA0161042341600375C4
:1027B00010BD000007B5064B0360CB7800938B7803
:1027C0004A780978FFF7E8FF03B05DF804FB00BF23
:1027D000B8730C00417470477047704708B500210A
:1027E000007CFDF7A1F940EAE07008BD08B50121C1
:1027F000007CFDF799F940EAE07008BD08B5007C5F
:10280000FDF78AF920EAE07008BD08B5007CFDF705
:102810007BF920EAE07008BD13B50446007C019105
:10282000FDF77AF90028019901DC607C20B1207C59
:10283000FDF782F920EAE07002B010BD007CFDF7E0
:1028400083B910B514210446F2F7DFFA204610BD13
:1028500010B54FF47A73044608460021C4E9011309
:10286000044B23600123207463741146FDF734F98F
:10287000204610BDCC730C00007C0022FDF734B95B
:10288000007CFDF739B910B514220446002102F08E
:10289000BFFA204610BD000010B50F4C88B003A849
:1028A000FFF7F1FF2178BFF35B8F11F001010FD12A
:1028B00020460191FDF7E2FA019948B103AA0748C1
:1028C000FFF7C6FF2046FDF7E1FA054802F032FAAD
:1028D000024808B010BD00BF58DF03205CDF0320B2
:1028E000D9270C0000F11003012213F8101C012954
:1028F000184608D153F8041C02EB4102013A03F1D7
:102900001003F2D17047022904BF53F8041C521877
:10291000F4E70EB4F0B588B000AF07F1340510212C
:1029200055F8042B7A6004462B467818FD60FDF7B5
:102930006DFA0F287A681AD900F1080323F007030B
:102940006E46ADEB030D411C2B466846FD60FDF75E
:102950005DFA021E04DD236869469B68204698479D
:10296000B5462037BD46BDE8F04003B070470028AB
:10297000F7D0236802469B6807F11001204698476C
:10298000EFE738B50B6803604D6843689D42044625
:1029900008D015B16B6801336B60606808B1FDF752
:1029A000E1FF656038BD07B503688DF807109B68C7
:1029B00001220DF10701984703B05DF804FB0B46B7
:1029C0001146002210B5C0E90022044683600BB90D
:1029D000204610BDFFF7D5FFFAE78368EBB11A7800
:1029E000032A1AD8DFE802F00417021B05207047FB
:1029F00002685B685268D05C2D2812D0A0F13003C9
:102A0000092B0ED974280ED066280CD0A0F16E03C5
:102A100058425841704706207047002070470420F4
:102A20007047032070470220704710B50446FFF737
:102A3000D4FF02280ED0C31EDBB2012B14D82268AB
:102A4000A36850685B68BDE810400A220021184462
:102A500002F01EBB2268A36852685B68D05CA0F1DC
:102A600074035842584110BD0020FCE738B50023DC
:102A7000C0E9003304460E48C4E90203A9B10B784B
:102A8000032B06D08BB9136858684B68C35C6E2B58
:102A900007D013684D6858688B6828445B1BA0609A
:102AA000E36011462046FFF76CFF204638BD00BFAB
:102AB0007F6F0C0038B500250B46C0E90055C0E912
:102AC0000255C0E90455044611464BB11A78012A53
:102AD00006D103F11002DB6882604361FFF751FF0A
:102AE000204638BD10B54369044663B18068E06094
:102AF000013B1030A0602061636113B1FFF7F2FE6B
:102B0000A060012000E0184610BD10B57D210446EC
:102B1000FFF749FF01232371204610BD08B5037953
:102B2000012B02D0022B04D008BD2C21FFF73BFF64
:102B3000FAE73A21FAE710B50446FFF7EFFF20461F
:102B40007B21FFF730FF00232371204610BD0000DA
:102B500013B504460191FFF7E1FF2368019ADB6892
:102B600003492046984701232046237102B010BD37
:102B7000E6670C0013B504460191FFF7CFFF236809
:102B8000019ADB68034920469847012320462371B8
:102B900002B010BD8D570C002DE9F0470D462221E3
:102BA00090460446FFF7FFFEDFF8A490A8442F46A6
:102BB0004745BA463DD017F8016B222E06D05C2E51
:102BC00004D0304602F0C8F80028F1D12368AAEBFF
:102BD00005029B682946204698475C212046FFF75E
:102BE000E2FE0D2E0AD8072E1CD9A6F10803052BEC
:102BF00018D8DFE803F00D0F11171315222E01D09E
:102C00005C2E0FD131462046FFF7CDFE3D46CFE783
:102C10006221F8E77421F6E76E21F4E76621F2E716
:102C20007221F0E723683246DB6849462046984720
:102C3000ECE7BD4205D023687A1B9B6829462046F5
:102C4000984722212046FFF7AEFEBDE8F08700BF7F
:102C5000F8730C0013B50446CDE90021FFF75EFFC1
:102C60002046DDE90021FFF797FF0223204623716C
:102C700002B010BD13B50446CDE90021FFF74EFFA9
:102C80002046DDE90021FFF787FF0123204623715D
:102C900002B010BD004700002DE9FF4100241D4691
:102CA0000F4690460646FCF7AFFCA5424FF00403E2
:102CB000ADF80D408DF80C308DF80F40A2BF9DF897
:102CC00028308DF80E3003AC0749009443463A464D
:102CD0003046A8BF8DF80D50FCF78EFCB0FA80F09E
:102CE000400904B0BDE8F081952C0C00FCF79CBCB9
:102CF000FCF792BC002240681146FCF7CFBF0022CF
:102D000040681146FCF7EABF002240681146FCF714
:102D1000F5BF40680022FCF7E9BF4068002281F05F
:102D20000101FCF7D3BF002340681A461946FCF79F
:102D3000C5BF002340681A461946FCF7B7BF0022FA
:102D400040681146FCF79ABF406800220221FCF758
:102D50009DBF002340681A46FCF788BF70B5134B2F
:102D600003601825303386B00E4643602A460021A2
:102D70000446083002F04CF8002270681146FCF757
:102D80008DFF78B100212A46684602F041F8694675
:102D90000020ADF80050FCF797FE18B969462046B0
:102DA000FFF7E4F8204606B070BD00BF60730C006A
:102DB000084B10B5282422461846002102F028F8B6
:102DC000054B04804FF0FF32426004225A60034AF0
:102DD0001A6010BD78DF032070DF032008740C0038
:102DE00070474174704708B5007CFCF755FD20EA38
:102DF000E07008BD08B5007CFCF726FD20EAE07015
:102E000008BD08B5007CFCF72FFD40EAE07008BD66
:102E100008B5007CFCF720FD40EAE07008BD007CAE
:102E2000FCF72ABD37B5457C04462DB1207C03B0A4
:102E3000BDE83040FCF700BD007C0191FCF72CFDA3
:102E400000280199F2DC284603B030BD10B51421EA
:102E50000446F1F7DAFF204610BD000010B54FF42C
:102E60007A730446084611460022C4E90123044B44
:102E70002360012320746374FCF71EFD204610BDFF
:102E80004C740C00007C0023FCF70EBD0022FFF701
:102E9000F9BF007CFCF7C8BC10B5836804460BB9C9
:102EA00000F0ACFDC3689847A3681BB1032221461C
:102EB0002046984720461021BDE81040F1F7A5BFF5
:102EC0007047F8B5064615460C468F18BC4206D02A
:102ED000336814F8011B9B6830469847F6E728468C
:102EE000F8BD007C0022FCF717BD007C0021FCF738
:102EF0001BBD007C0021FCF71FBD007C0021FCF7FE
:102F000023BD007C0021FCF727BD10B51421044629
:102F1000F1F77BFF204610BD38B5044615464FF447
:102F20007A730022C4E90123094B21740846236007
:102F30002946FCF721FDBF3008D16B69DB0705D5B9
:102F40006868FCF753FFE868FCF750FF204638BD7F
:102F500080740C00007C0022FCF7B6BC0023007CCF
:102F60001A461946FCF7B8BC007C0021FCF7BCBC33
:102F70007FB500221823CDE90022ADF800300B7890
:102F80008DF804304B680293CB6803930B7A04935B
:102F9000007C0B6905936946FCF706FD07B05DF8F8
:102FA00004FB7FB58DF8041000215B1A4FF0640C10
:102FB000CDE904C118BF012301A902928DF80C309C
:102FC000FFF7D6FF07B05DF804FB0123FFF7E9BF69
:102FD000007C0022FCF790BCC9B2FFF7F9BF007C6F
:102FE0000022FCF791BC0121FFF7F9BF007C002112
:102FF000FCF7BABC08B50021007CFCF7C5FCB0FAB0
:1030000080F0400908BD08B50021007CFCF7C4FC35
:10301000B0FA80F0400908BD054BFF210022C3E94A
:10302000001201206421C3E902011A61704700BF48
:10303000A0DF032013B503688DF807101C6C012274
:103040004FF0FF330DF10701A04702B010BD10B4DF
:1030500003681C6C4FF0FF33A4465DF8044B6047D7
:1030600013B5134602688DF80710146C0DF10701B3
:103070000122A04702B010BD10B54369B3F8862005
:10308000B3F884309A42044608D06369B3F88420C8
:10309000511CA3F884101344187910BD03681B69F0
:1030A00098470028F1D14FF0FF30F6E770474369A9
:1030B0001868C043C00F704770470000064B994224
:1030C00010B500F10C0405D0084600F09BFC002868
:1030D00008BF0024204610BD40720C0010B5AC2182
:1030E0000446F1F792FE204610BDAC21F1F78DBEEB
:1030F0002DE9F0414FF0000886B01C46C0F804806E
:1031000005460E4617464146102202A801F080FEF1
:10311000631C09D04FF47A73B4FBF3F203FB12443F
:10312000CDE902285C430494686910230093006889
:1031300002AB41F2050240F6FF71FCF73DFC0028AE
:1031400007DAFCF77BFE03686B60002006B0BDE881
:10315000F0816869002300683A463146FCF74CFC70
:10316000031EEEDB1846F1E730B587B0044601AD2B
:103170006846FFF71FFB0FCD04340FC42B68237084
:1031800007B030BD70B54D69054B04468C3544F829
:10319000043B06460FCD0FC42B682370304670BD2C
:1031A000B8730C002DE9F0439846036893B00D46C0
:1031B00000241B6B06461746984728466B46224656
:1031C00021460094FCF7D8F90546002863D1009BFE
:1031D000002B4BD05B69002B48D006A8FFF7A6FA5E
:1031E000009B5C696378022B04D1211D06A8FFF7C0
:1031F000BBFF26E00A2B24D11122294601A801F0A9
:1032000007FEA368002B38D004F108030DF1040C6D
:10321000183418685968624603C20833A3429446BA
:10322000F7D1062301A90CA88DF81430FFF78CFA0A
:103230000DF1340CBCE80F0007AC0FC4DCF8003013
:10324000237006A8FFF792FA80B1336807ADD3F870
:103250002490124B0C930FCD0DAC0FC42B68237030
:103260003A4643460CA93046C84705460098FCF745
:103270007BF9284613B0BDE8F083E368002BC3D187
:103280004FF6FF70D4F81090FCF7BEFA8145BBD121
:1032900004F11401AAE72546E8E700BFB8730C0063
:1032A00038B543691A68002A054610DAB3F8862053
:1032B000B3F884309A420AD103681B6998470446E0
:1032C00028B92B6828461B6B9847204638BD01203B
:1032D000FCE710B54369B3F88620B3F884309A420E
:1032E000044605D06369B3F884201344187910BDEF
:1032F00003681B6998470028F4D14FF0FF30F6E7C8
:10330000F8B543691746B3F88620B3F884309A427B
:1033100005460E4616D06969B1F88430B1F886408A
:10332000E41ABC4228BF3C460433224619443046C6
:1033300001F046FD6A69B2F884302344A2F8843073
:103340002046F8BD03681B6998470028E3D14FF079
:10335000FF34F5E742690023A2F884304269A2F8FD
:1033600086307047F0B51F4603680C461B6B8BB068
:10337000054616469847237D042B0CBF02200A20E1
:1033800006220121FCF740FB6B6918606B691B6822
:10339000002B07DA2B6828461B6B00249847204631
:1033A0000BB0F0BD2846FFF7D5FFB7B1002303A946
:1033B000F8B20393ADF81030FCF746F90028E9D1D4
:1033C000686906230093006803AB41F20B0240F6E4
:1033D000FF71FCF7F1FA0028DCD11C22002103A8C0
:1033E00001F016FD237D042B1DD14FF407733046E9
:1033F000ADF80C30FCF710FAADF80E006068FCF781
:1034000003FA04906B691C22186803A9FCF7E4FA1C
:103410000028BFD104340FCC6D698C350FC52368EB
:103420002B700124BBE740F61C233046ADF80C306E
:10343000FCF7F2F905AEADF80E00231D04F11407F8
:1034400018685968324603C20833BB421646F7D1A2
:10345000D8E7000030B54269B2F886308BB0044638
:103460002BB1B2F884209A4201D1FFF773FF616952
:103470000868002818DBB1F886507F2D14D8043175
:103480000823C5F180022944FCF7AEFA002813DDB9
:103490006369B3F886200AB9A3F884206369B3F896
:1034A00086201044A3F886006369B3F88600B3F859
:1034B0008430C01A0BB030BDFCF7C0FC03680B2B86
:1034C000F2D0FCF7BBFC03680B2BEDD020230025CA
:1034D000CDE90235FCF7B2FC03680193084B0949BA
:1034E000009302AA2B463220FCF736FB636918686A
:1034F000FCF76AFA63694FF0FF321A60D4E700BF45
:10350000A4740C0010720C0010B5436904461868CE
:10351000002801DBFCF758FA63694FF0FF321A60AC
:103520006069112200218C3001F072FC2046BDE858
:103530001040FFF70FBF10B5002304460160C0F82C
:1035400084308830FFF7F2F8204610BD73B50023B1
:103550004FF47A72C0E901320E4A0361026043619E
:103560000446AC200191F1F74CFC051E05F10C0658
:1035700008D00123C5E90133074B01992B60304680
:10358000FFF7D9FF2046C4E90565FFF7E3FE02B067
:1035900070BD00BFD8740C00BC740C0010B54FF0A7
:1035A000FF310446FFF7D2FF204610BD10B5044698
:1035B0000068002801DBFCF707FA204610BD0C303C
:1035C000FFF7F4BF002340681A46FCF74FBB406882
:1035D00000220221FCF75ABB002240681146FCF78A
:1035E0004DBB002240681146FCF758BB00234068E1
:1035F0001A461946FCF75ABB002340681A4619467A
:10360000FCF75CBB40680021FCF780BB40680021F0
:10361000FCF784BB4068002281F00101FCF756BB37
:1036200040680022FCF762BB002240681146FCF7AC
:1036300065BB002240681146FCF750BB4068002182
:10364000FCF77CBB2DE9F043002699B00D461446EB
:1036500098460746FFF76AF81C22314611A80396E0
:1036600001F0D6FBB8F1000F2CD14023686810930D
:10367000049618B104A9C0B2FBF7EEFF049B0093B7
:10368000204603AB10AA0021FBF77EFF044600286A
:103690004DD1024601216868FCF700FB02218046FB
:1036A00022466868FCF7FAFA039E81462146002EFE
:1036B0003DD000293BD17368022B05D00A2B13D0D3
:1036C000F669F4E71D4BD1E7B8F1000FF8D0716946
:1036D0000AA804310BADFFF76DF80FCD3C1D0FC4E8
:1036E0002B6823704146EBE7B9F1000FE8D074690D
:1036F000102205A801F08CFB06238DF8243005ADBF
:1037000004F108031834186859682A4603C20833BC
:10371000A3421546F7D105A90AA80BADFFF714F887
:103720000FCD3C1D0FC42B6823704946C8E7039892
:10373000FBF71AFF384619B0BDE8F083400000409F
:10374000033803289ABF024B53F820000148704702
:1037500020750C00B4DF032008B500224068FCF798
:10376000E5FABDE80840FFF7EBBF0000024B034A53
:103770001A6000225A607047B4DF032038750C00CD
:10378000252813B502D9002002B010BDA0F10B030B
:10379000022B1AD8174C2178BFF35B8F11F001016F
:1037A0000BD120460191FCF769FB019928B1124821
:1037B000FCF7CAFB2046FCF769FB0F4B1878FCF7B7
:1037C0004BF90028DFD10120DEE7012809D800F0FD
:1037D000EDF80021007CFCF7C7F880F00100C0B2D2
:1037E000D2E709380128EED800F078F8007CFCF721
:1037F0004BF8F2E7A0D60320A4D60320252838B53D
:1038000004460D460AD8FF2908D0FFF7B9FF28B1B2
:1038100029462046BDE83840FBF7CEBE38BD38B556
:1038200004460D46FBF7D0FEFF2810D0062804D82A
:103830004D2323FA00F0C30709D42046FFF7A0FF69
:1038400028B129462046BDE83840FBF7C5BE38BD43
:1038500010B50446FBF7B8FE031FDBB2012B08D9F5
:103860002046FFF78DFF20B12046BDE81040FBF752
:10387000BBBE002010BD0D2810B504469CBF0E3401
:10388000A4B22046FFF77CFF50B103212046FBF78E
:103890008BFE032804D12046BDE81040FBF7CCBEC8
:1038A000002010BD7047000038B5044614252A4694
:1038B000002101F0ADFA25804025074925812846E1
:1038C000258200F099F804496060284600F094F8D9
:1038D000E060204638BD00BF74750C0030B50E4D59
:1038E0002978BFF35B8F11F0010487B011D128460E
:1038F000FCF7C4FA68B101A8FFF7D6FF01AA214678
:103900000648FFF7ABFA2846FCF7C0FA044801F076
:1039100011FA024807B030BDBCDF0320C0DF03202E
:10392000A5380C0070B5104E056804463068054493
:10393000FBF7B2FE854203D90135281AFBF79CFE3E
:10394000FBF7AAFE32682368801A984201D22068E9
:10395000F4E7236833B1E36823B12369201DBDE890
:103960007040184770BD00BFD4DF032008B5FFF7D3
:10397000D9FFBDE808400020FBF7D6BE10B5084CC3
:103980002378BFF35B8FDB0708D42046FCF776FA79
:1039900020B1FBF789FE2046FCF778FA014810BDFC
:1039A000D8DF0320DCDF03207047000030B50E4D68
:1039B0002978BFF35B8F11F0010487B011D128463D
:1039C000FCF75CFA68B16846F5F7F0FD6A462146F7
:1039D0000648FFF7A1FA2846FCF758FA044801F018
:1039E000A9F9024807B030BDE0DF0320E4DF03207F
:1039F000A9390C00F1F705BAF1F705BA08B5FCF7DB
:103A00000DFA0000014900F0F9B800BF90750C00F4
:103A10007FB500241023CDE90234036815469E6962
:103A200012686B46CDE90044B0479DF8043003F0BE
:103A30000603062B03BF009B2B600120204604B029
:103A400070BD0098904214BF01200620704700000E
:103A500010B5034B0360044600F0CDF8204610BDBE
:103A6000D0750C0010B50446FFF7F2FF2046082180
:103A7000F1F7CBF9204610BD2DE9F0411F46DDE9F5
:103A80000834DDF8188098450646154607D1079991
:103A900000F0B4F818B165710020BDE8F081394636
:103AA000304600F0ABF80028F6D00123C4F80080BF
:103AB0002571A371F0E738B515461C4600F09EF855
:103AC00020B10823E36006232560237138BD73B558
:103AD00005460C4601921E4600F090F850B9032EA0
:103AE00008D82368019A5B692946204602B0BDE8E0
:103AF0007040184702B070BD10B5034B0360044618
:103B0000FFF7A6FF204610BD30760C0010B5044626
:103B1000FFF7F2FF20460C21F1F777F9204610BDA0
:103B2000F7B5089F974205460E4614460AD0A86886
:103B300002680897156A31462246AC4603B0BDE8D4
:103B4000F04060471946019300F058F8019B0028A7
:103B5000EDD0062003B0F0BD2DE9F14F0D4619461A
:103B6000DDE90A4BDDE90CA681461746984600F0D0
:103B700045F890B1002D3460377109DB61198A4531
:103B80000CBF06210121B171002001B0BDE8F08F0A
:103B90000235F9D10123B371F6E7544506D15946F0
:103BA000484600F02BF808B17771EDE7D9F8080026
:103BB0000368CDE90CA6CDE90A4BDC693A464346D9
:103BC0002946A44601B0BDE8F04F60472DE9F04119
:103BD00007460C4615461E46FFF76DFF48B9B86804
:103BE00003689F692A4633462146BC46BDE8F0413A
:103BF0006047BDE8F081704700207047814208B5FA
:103C00000ED0406803782A2B0CD049680B782A2BF9
:103C100008BF0131F1F7A8F8B0FA80F0400908BDFB
:103C20000120FCE70020FAE738B553EC102BC3F372
:103C30000A5104469C4689BB10EE101A23F0004C32
:103C40005CEA010129D0194600223D4B3D4D10EEA2
:103C5000100AF0F7A1FBAC4202460B4616DB8C467D
:103C6000C1F30A513639214440F2FE70814221DC11
:103C7000002947DC11F1350F34DA4CF250318C4217
:103C800018DC002B26A1D1E9000144DB24A3D3E9F1
:103C90000023F0F781FB41EC100B38BD40F2FF70C0
:103CA0008142E0D110EE100A1946F0F7BFF941EC5D
:103CB000100B38BD002B1CA1D1E9000107DB1AA3B2
:103CC000D3E90023F0F768FB41EC100B38BD18A1D5
:103CD000D1E9000114A3D3E90023F0F75DFB41EC27
:103CE000100BF3E72CF0FF4C2CF4E00C36314CEACF
:103CF0000153104619460022134BF0F74DFB41ECDF
:103D0000100B38BD2CF0FF4C2CF4E00C4CEA0153A6
:103D100043EC102B38BD08A1D1E90001B6E700BF84
:103D200059F3F8C21F6EA5019C7500883CE4377EEC
:103D30009C7500883CE437FE59F3F8C21F6EA581DC
:103D400000005043B03CFFFF0000903C000000002A
:103D5000F8B52DED028B57EC106B55EC114B00F0C4
:103D6000CBF8634BB0EE408AF0EE608A93F90030F6
:103D700001332AD022462B4620462946F0F7A6FDDD
:103D800018BB32463B4630463946F0F79FFD0028C7
:103D900044D10022002330463946F0F765FDD8B102
:103DA0000022002320462946F0F75EFD00283DD181
:103DB00045EC104B00F010FF38B120462946002298
:103DC0000023F0F75BFD00285CD1B0EE480AF0EE6E
:103DD000680ABDEC028BF8BDB0EE480AF0EE680A46
:103DE00000F0FAFE58B351EC180B00220023F0F754
:103DF0003BFD0028E9D047EC106B00F0EDFE0028F9
:103E0000E3D045EC104B00F0E7FE0028DDD0FCF7D6
:103E100015F822239FED2E8B0360D6E72046294616
:103E200000220023F0F720FD0028CED09FED2A8B42
:103E3000B0EE480AF0EE680ABDEC028BF8BD47EC24
:103E4000106B00F0C9FE0028CDD045EC104B00F0FF
:103E5000C3FE0028C7D053EC182B18EE100A1946E1
:103E6000F0F734FD20BBFBF7E9FF034622221A607E
:103E70003046394600220023F0F700FD48B99FED97
:103E8000188BA2E7FBF7DAFF21239FED178B036066
:103E90009BE745EC104B00F0B3FE224651EC100BB3
:103EA0002B46F0F7E1FC0028E9D19FED0F8B8CE762
:103EB000FBF7C4FF002200232121016010461946B0
:103EC000F0F794FB41EC180B7FE700BFAFF30080E5
:103ED0000000000000000000000000000000F03FB3
:103EE000000000000000F07F000000000000F0FF74
:103EF000C0D30320000000002DE9F04F57EC116BF8
:103F00002DED0C8B27F0004A5AEA060287B03DD00F
:103F100055EC104B724925F00048884510EE102AE8
:103F2000A9462CDC11EE103ABB4636D08A4526DC79
:103F30006B498A4521D0B9F1000F39DB002100918E
:103F4000002B51D1664B9A4500F0A280654B9A45F3
:103F500000F0B080BBF1804F00F0C084624B9B4505
:103F600042D1B9F1000F3FDB45EC104B07B0BDEC7F
:103F70000C8BBDE8F04F00F059BD002BDBD008F1F1
:103F8000404808F5801858EA020309D19FED500B0C
:103F900007B0BDEC0C8BBDE8F08F0CB9C245C7DD96
:103FA000524807B0BDEC0C8BBDE8F04F00F020BECE
:103FB0004F498A4500F38580A1F154718A450FDD90
:103FC0004FEA2A51A1F2FF31142940F39B84C1F139
:103FD000340123FA01F000FA01F1994200F0ED8476
:103FE00000210091002BB1D045EC104B029200F063
:103FF000E9FD029A5ABBB8F1000F04D0394B29F001
:1040000040429A4223D1BBF1000F07DA53EC102B48
:1040100034490020F0F7EAFA41EC100BB9F1000F37
:10402000B6DA009B08F1404808F5801858EA030307
:1040300040F08D8453EC102B10461946EFF7F4FF37
:1040400002460B46F0F7D2FA41EC100BA0E7009ABB
:104050004FEAD973013B0493134335D0254B9A455E
:104060004CDD03F104739A45234B40F3DB83984501
:1040700040F36083BBF1000F40F3608316A3D3E9E4
:10408000002310461946F0F787F941EC100B7FE743
:1040900008F1404303F5801313433FF477AF164B09
:1040A000984540F37A83BBF1000FC0F2478347EC99
:1040B000106B6DE7BBF1000FC0F21A8445EC104B9A
:1040C00066E7022100913BE722462B46B4E700BF9A
:1040D000000000000000F03F9C7500883CE4377E43
:1040E0000000F07F0000F03F0000E03F6C760C0025
:1040F000FFFF3F430000E041FFFFEF3FE44B09EAD1
:104100000303002253B951EC100BE24BF0F744F9D2
:1041100041EC100B10EE908A6FF034024FEA2853F6
:10412000A3F2FF339A18DC4B0592C8F3130848F04A
:104130007F54984544F4401407DDD84B984540F32C
:10414000148401320592A4F580149FEDB96B9FEDA4
:10415000BA7B53EC162BB0EE47CAF0EE67CA0025C7
:10416000B0EE47DAF0EE67DA5BEC10ABA3465046F0
:10417000594643EC1A2BEFF757FF53EC1A2B8046A6
:10418000894650465946EFF751FF02460B4600203C
:10419000C349F0F72BFA41EC1B0B404653EC1B2BA9
:1041A0004946F0F7F9F841EC180B0A460146CDE90B
:1041B00002120021029164104BEC19AB44F0005440
:1041C000DDE902AB04F500230020591904460D4631
:1041D00002460B4650465946F0F7DEF802460B46BB
:1041E00040464946EFF720FF53EC1A2B804689469C
:1041F00020462946EFF718FF02460B4651EC190BF3
:10420000EFF712FF52465B46F0F7C6F802460B4640
:1042100040464946EFF708FF53EC1B2BF0F7BCF87C
:1042200053EC182B41EC190B51EC180BF0F7B4F8C8
:1042300083A3D3E9002304460D46F0F7ADF882A32B
:10424000D3E90023EFF7F2FE22462B46F0F7A4F85D
:104250007FA3D3E90023EFF7E9FE22462B46F0F7D0
:104260009BF87DA3D3E90023EFF7E0FE22462B461F
:10427000F0F792F87AA3D3E90023EFF7D7FE2246AE
:104280002B46F0F789F878A3D3E90023EFF7CEFEA9
:104290002246804689462B4620462946F0F77CF880
:1042A00002460B4640464946F0F776F85246044629
:1042B0000D465B4651EC180BEFF7B8FE53EC192B8B
:1042C000F0F76AF822462B46EFF7B0FE52468046DA
:1042D00089465B4650465946F0F75EF802460B4663
:1042E00043EC1A2B6F4B0022EFF7A0FE42464B46E1
:1042F000EFF79CFE00240D4622462B4650465946B9
:10430000F0F74AF8674B82468B4600222046294642
:10431000EFF78AFE53EC1A2BEFF786FE02460B46A8
:1043200040464946EFF780FE53EC182BF0F734F87F
:1043300022462B4604460D4651EC190BF0F72CF89B
:1043400002460B4620462946EFF770FE8046894616
:1043500042464B4650465946EFF768FE44A3D3E920
:104360000023002004460D46F0F716F8524641ECB3
:10437000190B5B4620462946EFF756FE02460B46D0
:1043800040464946EFF750FE3BA3D3E90023F0F740
:1043900003F802460B462046294614461D4638A31C
:1043A000D3E90023EFF7F8FF02460B4620462946E3
:1043B000EFF73CFE53EC1D2BEFF738FE80460598D7
:1043C0008946EFF77FFF424682468B464B4651ECCB
:1043D000190BEFF72BFE53EC1C2BEFF727FE524681
:1043E0005B46EFF723FE52465B46002004460D462F
:1043F000EFF71AFE53EC1C2BEFF716FE53EC192BBC
:10440000EFF712FE02460B4640464946EFF70CFE18
:10441000009B049A013B134382468B4640F0B681D1
:104420009FED197BB0EE478AF0EE678A3CE000BF53
:10443000000000000000F03F00000000000000004D
:10444000EF4E454A287ECA3F65DBC9934A86CD3F79
:1044500001411DA96074D13F4D268F515555D53F5F
:10446000FFAB6FDBB66DDB3F033333333333E33FF7
:10447000000000E009C7EE3FFD033ADC09C7EE3F4C
:10448000F5015B14E02F3EBE000000000000F0BF0D
:104490000000F07F000040438E98030079B60B00C7
:1044A0000000F03F000008400023CDE900670093C2
:1044B000DDE90089304642464B463946EFF7B4FD08
:1044C00022462B46EFF768FF32463B4606460F462C
:1044D00050465946EFF760FF02460B4630463946D4
:1044E000EFF7A4FD42464B4606460F4620462946B6
:1044F000EFF752FF04460D462B463046394622461A
:10450000EFF794FDC24B9942804689468A4640F3B4
:10451000188101F13F4303F5E003034340F00782B4
:10452000A3A3D3E9002330463946EFF77FFD0246C7
:104530000B46404649469046994622462B46EFF7A1
:1045400073FD02460B4640464946F0F7B5F9002890
:1045500040F0ED81CAF30A534FF48012A3F2FE3308
:1045600042FA03F35344AB49C3F30A52A2F2FF32B7
:1045700041FA02FCC3F3130141F48011C2F11402A9
:1045800041FA02F2002023EA0C01BAF1000F009276
:104590000B46024602DA009949420091204629461C
:1045A000EFF742FD009B1B05029302460B460446B3
:1045B0000D4630463946EFF739FD89464FF0000881
:1045C0007DA3D3E9002340464946EFF7E5FE2246A6
:1045D0002B4682468B4640464946EFF725FD02466C
:1045E0000B4630463946EFF71FFD75A3D3E900238C
:1045F000EFF7D2FE74A3D3E9002304460D464046EC
:104600004946EFF7C9FE02460B4620462946EFF71A
:104610000DFD06460F4632463B4650465946EFF7DB
:1046200005FD52465B4604460D46EFF7FDFC02468B
:104630000B4630463946EFF7F7FC2246804689465E
:104640002B4620462946EFF7A7FE61A3D3E90023B6
:1046500006460F46EFF7A0FE5FA3D3E90023EFF76E
:10466000E3FC32463B46EFF797FE5DA3D3E9002318
:10467000EFF7DCFC32463B46EFF78EFE5AA3D3E958
:104680000023EFF7D1FC32463B46EFF785FE58A3F7
:10469000D3E90023EFF7CAFC32463B46EFF77CFE36
:1046A00002460B4620462946EFF7BEFC06460F465B
:1046B00032463B4620462946EFF76EFE02460B4641
:1046C0003046394616461F4600224FF08043EFF72A
:1046D000ABFC02460B4630463946EFF787FF4246B1
:1046E00006460F464B4620462946EFF755FE424602
:1046F0004B46EFF79BFC02460B4630463946EFF738
:1047000093FC22462B46EFF78FFC02460B46002017
:104710004149EFF789FC029A0B461344B3F5801F19
:10472000C0F24381194653EC182BEFF735FE41ECEC
:10473000100B2DE4BBF1000FFFF6A0AC9FED2E0B8C
:1047400026E4DFF8DCC021F00043634540F3E78056
:10475000324B0B4403430AD122462B46EFF764FC4D
:1047600032463B46F0F79EF800283FF4F3AE24A310
:10477000D3E9002351EC180BEFF70EFE20A3D3E989
:104780000023EFF709FE41EC100B01E49FED1E7BC7
:10479000B0EE478AF0EE678A86E6BBF1000FCDDA0D
:1047A00007F1004300EE106A00EE903AFFF7F0BB0D
:1047B000FE822B654715973C00000000432EE63F24
:1047C000EF39FAFE422EE63F396CA80C615C20BE40
:1047D000D0A4BE726937663EF16BD2C541BDBB3E07
:1047E0002CDE25AF6A56113F93BDBE166CC1663FE5
:1047F0003E5555555555C53F0000000000000000CE
:1048000059F3F8C21F6EA501000000000000F03F40
:10481000FFFF8F40FFFF0F000000F03F00346F3FAD
:10482000FFCB9040984585DB7D4B98453FF722AC08
:1048300051EC100B7A4B0022EFF7F6FB68A3D3E99B
:10484000002304460D46EFF7A7FD67A3D3E9002335
:1048500082468B4620462946EFF79EFD714B41EC80
:10486000180B002220462946EFF796FD02460B461C
:104870005FA1D1E90001EFF7D7FB22462B46EFF706
:104880008BFD02460B4600206749EFF7CDFB224621
:10489000804689462B4620462946EFF77DFD024695
:1048A0000B4640464946EFF777FD53A3D3E9002373
:1048B000EFF772FD02460B4651EC180BEFF7B4FB15
:1048C0008046894642464B4650465946EFF7AEFB76
:1048D000002052465B4604460D4691E522462B4693
:1048E00020462946EFF758FD41EC100BFFF750BB6F
:1048F0004B49002022462B46EFF778FE41EC100B87
:10490000FFF746BB002B44D1C1F114014AFA01F074
:1049100000FA01F151455AD00093FFF717BB424A04
:1049200093425BDCDDE900120291009146E634A37C
:10493000D3E9002351EC180BEFF72EFD30A3D3E998
:104940000023EFF729FD41EC100BFFF721BB009B83
:10495000012B7FF41DAB10EE901A10EE102A01F11E
:10496000004343EC102BFFF713BB9FED277BB0EE0A
:1049700047CAF0EE67CA9FED267BB0EE47DAF0EE4D
:1049800067DA9FED257B4FF4802553EC172BFFF75B
:10499000EBBB45EC104B009200F014F9009A002A92
:1049A0007FF492AB0092FFF726BB41EC100B00980E
:1049B000FFF73AF951EC100BB5E600F00100C0F139
:1049C00002010091002B3FF4C1AAFFF70DBB00F0DC
:1049D0000100C0F102030093FFF7B8BA1B15BBE555
:1049E000000000604715F73F44DF5DF80BAE543E12
:1049F000555555555555D53FFE822B654715F73F03
:104A00009C7500883CE4377E0000004003B8E23F1C
:104A100006D0CF43EBFD4C3E000000000000F83F05
:104A20000000F03F0000D03F0000E03F2DE9F041E2
:104A3000634A55EC104BAA4300F09F80002D10EE06
:104A400010CA2B4654DD291563D0C3F31303A1F21A
:104A5000FF37C90743F4801304D45B0003EBDC7316
:104A60004FEA4C0C4FEADC72002602EB43037F1046
:104A70004FEA4C0C4FF0160E34464FF40012A118BA
:104A8000994202DC5B1A8C1816445B00BEF1010EE1
:104A900003EBDC734FEA52024FEA4C0CEFD1754640
:104AA00020204FF000420AE044D04FEADC71013888
:104AB00001EB43034FEA4C0C4FEA520243D0A342AE
:104AC00002EB0E01F0DD002901EB020E0ADBA0462D
:104AD0001B1B614588BF03F1FF33ACEB010C154490
:104AE0004446E2E7BEF1000FF1DB04F10108EFE715
:104AF00025F00042224338D0002D4ED129464FEAFE
:104B0000DC22153913464FEA4C5C002AF7D0D60256
:104B100050D400205B00DD02044600F10100F9D50D
:104B20001A4663460CFA00FCC0F12000C340091B82
:104B300013438AE76145B8D8002901EB020ED1DBA7
:104B400098460023C9E753EA0C0310D16808711096
:104B5000F30701F17F5101F5001148BF40F000401B
:104B600001EB0753024643EC102BBDE8F0816A1CB1
:104B700016BF681C01364008E9E710EE102A10EE57
:104B8000100A2B462946EFF707FC22462B46EFF783
:104B90004DFA41EC100BBDE8F08110EE102A2046D2
:104BA0002946EFF741FA02460B46EFF71FFD41ECAD
:104BB000100BDAE7634620204FF0FF34B6E700BF62
:104BC0000000F07F51EC100B10EE102A21F0004392
:104BD00043EC102B704700BF82B08DED000B0198A5
:104BE00040F0004000F58010C00F02B0704700BFD9
:104BF0009FED010B704700BF000000000000F87F30
:104C0000F0B553EC102BC3F30A5CACF2FF3113295F
:104C100010EE100A83B01C464FEAD37E3ADC00291E
:104C200030DB424D45FA01FC03EA0C0515432DD05B
:104C300003EA5C0318434FEA5C0C0CD024EA0C0C2A
:104C40004FF48024132944FA01F10CBF4FF00040C7
:104C500000204CEA0104364901EBCE0E2346DEE982
:104C60000045024629462046EFF7E0F9CDE900016C
:104C7000DDE9000122462B46EFF7D6F941EC100B97
:104C800003B0F0BD23F00041114324D143EC102BBD
:104C900003B0F0BD332908DDB1F5806FF6D11946B8
:104CA000EFF7C4F941EC100BF2E7ACF2134C4FF004
:104CB000FF3121FA0CF10A42E8D010EA51024FEA22
:104CC0005103C8D020EA03034FF0804040FA0CFCA7
:104CD00043EA0C00BFE7C3F313031843144A4342EB
:104CE000034302EBCE0E1B0B620C03F400235204B1
:104CF00043EA02073B46DEE9006710EE102A304621
:104D00003946EFF793F9CDE9000132463B46DDE93C
:104D10000001EFF789F904F0004421F00041024658
:104D200041EA040343EC102B03B0F0BDFFFF0F007A
:104D300070760C00002301461A461846F0F780B83A
:104D40000A22002100F0A4B9024B0A460146186865
:104D500000F066B8C4D30320024B1844407800F03A
:104D60009700704714770C00024B1844407800F00D
:104D70000800704714770C00002910B591FBF2F47D
:104D800002FB141306DB002B01DA01349B1AC0E985
:104D9000004310BD002BC4BF04F1FF349B18F6E79D
:104DA00010B501390244904201D1002005E003789A
:104DB00011F8014FA34201D0181B10BD0130F2E7DA
:104DC0000A44914200F1FF3300D1704710B511F849
:104DD000014B03F8014F9142F9D110BD884210B543
:104DE00001EB020402D98442234607D8431EA142A4
:104DF00008D011F8012B03F8012FF8E7024401460F
:104E00008A4200D110BD13F8014D02F8014DF7E7B9
:104E100002440346934200D1704703F8011BF9E7AF
:104E200013B54A4311460192FBF700F8044618B146
:104E3000019A0021FFF7ECFF204602B010BD0000F0
:104E400038B5104B1D68AB6B0446B3B91820FAF7A0
:104E5000C5FF0246A86320B90B4B0C484221FAF764
:104E6000F5FF0B490B4BC0E900130B4B83600B2381
:104E7000838100210120C2E90401AB6B00221C6187
:104E80005A6138BDC4D3032080760C0097760C009D
:104E90000E33CDAB34126DE6ECDE0500C9B203462D
:104EA00010F8012B1AB18A42F9D11846704700292F
:104EB00018BF0023F9E710B50446FFF7EFFF18B954
:104EC0002046EFF75BFF204410BD034611F8012B8D
:104ED00003F8012B002AF9D170470000024B01466C
:104EE000186800F003B800BFC4D3032037B50446E8
:104EF00008460D46EFF742FF421C1146204601923C
:104F0000FAF794FF044618B1019A2946FFF758FFB3
:104F1000204603B030BD10B57AB10346013984187C
:104F200013F8010B11F8012F904201D1A34201D1D6
:104F3000801A10BD0028F3D1FAE71046F9E710B542
:104F40000139034632B111F8014F03F8014B013A20
:104F5000002CF7D11A440021934200D110BD03F870
:104F6000011BF9E738B503460C4669B9BDE838407E
:104F7000FFF794BF431C054621461846FFF78EFFF6
:104F80000028F7D1284638BD0025F5E7012B2DE98B
:104F9000F04701D0242B06D9FAF750FF16230360FF
:104FA0000020BDE8F087DFF8E4C00D462E4615F876
:104FB000014B14F80C7017F00807F7D12D2C32D1E3
:104FC0002C780127B51C002B5BD0102B09D1302C7D
:104FD00007D12C7804F0DF04582C4DD16C781023C5
:104FE000023507F1004808F1FF384FF0000CB8FB1C
:104FF000F3F9664603FB198AA4F1300EBEF1090FDE
:1050000016D87446A34224DDBCF1000F1EDBB14567
:105010001CD301D1A24519DB06FB03464FF0010C5E
:1050200015F8014BE8E72B2C04BF2C78B51CCAE718
:10503000A4F1410EBEF1190F01D8373CE2E7A4F10B
:10504000610EBEF1190F04D8573CDBE74FF0FF3C6F
:10505000E6E7BCF1000F05DA22230360464642B9B9
:1050600030469EE707B17642002AF9D0BCF1000F26
:1050700000D0691E1160F3E73024002BB1D1082362
:10508000AFE7302CA5D00A23ABE700BF15770C00A3
:1050900013460A46014602480068FFF777BF00BF83
:1050A000C4D303208D4D0B00C94D0B00F14D0B00F7
:1050B000F54D0B000000000043616C6C206F6E200A
:1050C00070757265207669727475616C00526573D3
:1050D00065742064756520746F20776174636864FB
:1050E0006F6700617070776474000000000000005A
:1050F000000000000000000000000000114E0B0046
:10510000434E0B0000000000000000008D4E0B001D
:10511000C14E0B0095170C0039190C004750532055
:1051200073746172746564206F6E20554152542C03
:105130002077616974696E6720666F72206669788E
:105140002E2E2E00594553004E4F00436861727356
:105150003A256C752C5061737365643A256C752C17
:105160004661696C65643A256C752C4669783A2508
:10517000732C536174733A256C752C4167653A251D
:105180006C75006770735F6F6666003D3D3D205231
:105190004157204750532044415441203D3D3D005C
:1051A0003D3D3D20454E4420524157202825642056
:1051B000636861727329203D3D3D00496E616374EF
:1051C000697669747920636F756E7465723A200030
:1051D0000A2D2D2D20494D5520696E697469616C29
:1051E000697A6174696F6E20617474656D70742082
:1051F00025642F2564202D2D2D0057697265206EA2
:105200006F7420656E61626C65642C207265696ED6
:10521000697469616C697A696E672E2E2E00455239
:10522000524F523A2043616E6E6F7420656E616218
:105230006C65205769726521004E6F20494D5520DD
:1052400064657465637465642061742030783045EA
:10525000206F722030783046004465746563746551
:105260006420494D55206174203078253032580033
:10527000494D5520696E697469616C697A6564206D
:105280007375636365737366756C6C7920617420E4
:10529000307825303258210057686F20616D2049E1
:1052A0003F20307800494D5520696E697420617443
:1052B00074656D7074202564206661696C65640096
:1052C000417474656D7074696E67207265636F7682
:1052D0006572792E2E2E00457874656E64656420A3
:1052E00064656C6179206265666F726520726574B1
:1052F00072792E2E2E004552524F523A20494D556A
:10530000206661696C656420746F20696E697469D8
:10531000616C697A6520616674657220616C6C20CD
:10532000617474656D707473210050726F626C6586
:105330006D20636F6E6669677572696E6720746849
:1053400065206465766963652E00494D5520696462
:10535000656E7469747920636F6E6669726D6564D9
:105360003A204B58544A332D313035370044657656
:10537000696365204F2E4B2E0074696D6572207332
:10538000746172746564006D6F74696F6E2073650B
:105390007276696365206C6F6F7020696E616374EB
:1053A00069766974792074696D6572004974277330
:1053B0002074696D6520746F2067657420736F6D4C
:1053C0006520736C6565700000000000000000003F
:1053D000A1560B00C1560B00AF550B005072657003
:1053E0006172696E6720666F722053544F50206D52
:1053F0006F646500476F696E6720696E746F205334
:10540000544F50206D6F646500534C454550494ED4
:10541000475F7A7A7A004261636B2066726F6D2013
:1054200053544F50206D6F646500574F4B454E5598
:105430005000507265706172696E6720666F7220ED
:1054400048494245524E4154494F4E206D6F646564
:1054500000476F696E6720696E746F204849424546
:10546000524E4154494F4E206D6F64650048494289
:1054700045524E4154494E475F6272720042616329
:105480006B2066726F6D2048494245524E41544927
:105490004F4E206D6F6465004241434B5F46524F53
:1054A0004D5F48494245524E4154494F4E00434C8E
:1054B00049207374617274656400434C49005374ED
:1054C000617274757000736F633D25642C62617442
:1054D000745F763D252E32662C726561736F6E3D6A
:1054E000706572696F646963004C4F575F42415445
:1054F00054004C6F7720626174746572792028259E
:105500002E326656292064657465637465642C20A8
:1055100068696265726E6174652064697361626C4A
:10552000656420666F7220746573742E20436F6EFD
:1055300074696E75696E67206D6561737572656DEE
:10554000656E74732E00496E697420626C6F636BB4
:10555000005374617274696E6720436F7265204CEA
:10556000696272617279005475726E696E67204F5C
:105570004E20534420636172640056657273696FF4
:105580006E2D31392D332D32303236202D20562ECE
:10559000312E30382028426174746572792F736F10
:1055A0006C6172207465737429202D2056697461B2
:1055B0006C73203D333073202D204175746F736CF4
:1055C000656570206F6E005475726E696E67204F4E
:1055D0004E20335633005475726E696E67204F4EFD
:1055E000203556206C696E65005475726E696E6761
:1055F000204F4E20475053005475726E696E6720DD
:105600004F4E20566974616C73005475726E696EEA
:1056100067204F4E204E4F4953452073656E736F80
:1056200072005475726E696E67204F4E2054656D1E
:1056300070657261747572652073656E736F720048
:1056400054454D5020696E697420726574727920DA
:105650002564005475726E696E67204F4E20476155
:10566000732073656E736F72005475726E696E6726
:10567000204F4E20416363656C65726F6D65746584
:1056800072005475726E696E67204F4E204F504302
:10569000004F504320696E697420726574727920DE
:1056A000256400656E6420494E49540057415200FC
:1056B00052454345495645443A20004C495354000D
:1056C000524541443A0044454C4554455F414C4C99
:1056D000007265626F6F740064667500456E746574
:1056E00072696E6720444655206D6F646500656E73
:1056F000746572696E67004446550073746F70007C
:1057000068696265726E617465007365636F6E646B
:1057100073006D696E7574657300686F75727300E0
:1057200073640064756D7000616C6C0044756D701D
:10573000696E6720416C6C20446174612046696C1D
:10574000657300656E6465645F64756D70696E672E
:105750005F616C6C5F646174610044554D5000443E
:10576000756D70696E6720536F6D6520446174615B
:105770002046696C657300656E6465645F64756D71
:1057800070696E675F005F66696C65730025750000
:1057900046494C4553006865616C74680053444841
:1057A00045414C5448007265696E697400666F72B9
:1057B0006D617400466F726D6174205344005344F0
:1057C000206361726420696E697469616C697A65CD
:1057D00064006175746F736C656570004175746FFA
:1057E000736C656570204F4E004175746F736C6506
:1057F0006570204F464600686561742D636F6F6C5D
:1058000000686561742D636F6F6C204F4E00686592
:1058100061742D636F6F6C204F4646006C6173742A
:10582000006572726F72006C6173745F7061796C85
:105830006F6164006C6173745F766974616C73008E
:105840006465766963652D636865636B006465767E
:10585000696365006C6F636174696F6E0067707374
:105860006465627567004750534442470067707330
:105870007261770062617474657279006C6F77622F
:10588000617474007465737400736F633D74657341
:10589000742C626174745F763D302E30302C7265EA
:1058A00061736F6E3D6D616E75616C0073746174D0
:1058B000696F6E6172790073746174696F6E617281
:1058C0007920726573657400696E616374697665C9
:1058D0005F733D25642C626174745F763D252E32C2
:1058E000662C726561736F6E3D6D616E75616C00E3
:1058F00053544154494F4E41525900696E6163748B
:105900006976655F733D25642C696E6163746976A1
:105910006974795F6366675F733D25642C636861B2
:105920007267696E673D25632C626174745F763DB2
:10593000252E32660053544154494F4E4152595F0F
:1059400053544154555300626D65776400424D4590
:10595000574400696D75006972715F626F6F743DC5
:10596000256C752C6972715F746F74616C3D256C68
:10597000752C6C6173745F6972715F6D733D256C1A
:10598000752C6167655F6D733D256C752C696E6163
:1059900063746976655F733D25642C696E745F611D
:1059A00063633D256400494D554442470077616B70
:1059B0006500626174745F763D252E32662C7265D7
:1059C00061736F6E3D6D616E75616C2C74733D25F6
:1059D0006C750057414B4500736F6C617200696EC6
:1059E000707574006F706300534F4C415200656EC8
:1059F00061626C65337600656E61626C6535760058
:105A00003376336F6E005475726E696E67204F4E39
:105A10002047617320414443003376336F6666004C
:105A20005475726E696E67204F464620475053206A
:105A3000616E6420414343005475726E696E672045
:105A40004F464620566974616C73005475726E69D6
:105A50006E67204F4646204E4F4953452073656E72
:105A6000736F72005475726E696E67204F464620E0
:105A700054656D70657261747572652073656E73BF
:105A80006F72005475726E696E67204F4646203300
:105A90005633005475726E696E67204F4646204734
:105AA0006173204144430035766F6E005475726E09
:105AB000696E67204F4E2035560035766F6666005A
:105AC0005475726E696E67204F4646204F504300F2
:105AD0005475726E696E67204F4646203556006FCA
:105AE00070636F6E006F70636F6666006E616D65E8
:105AF0003D25732C66756E633D63697479736361CC
:105B00006E6E65722C6D6F64653D25642C626174E8
:105B1000745F736F633D25642C626174745F763DBE
:105B2000252E326600424F4F5400736F633D25644B
:105B30002C626174745F763D252E32662C7265612D
:105B4000736F6E3D626F6F7400626174745F763D57
:105B5000252E32662C726561736F6E3D68696265D1
:105B6000726E6174652C74733D256C752C636F7552
:105B70006E743D256C7500626174745F763D252EF0
:105B800032662C726561736F6E3D68696265726E14
:105B90006174652C74733D256C7500626174745F6B
:105BA000763D252E32662C726561736F6E3D73747F
:105BB0006F702C74733D256C752C636F756E743D1E
:105BC000256C7500736F633D25752C626174745F7D
:105BD000763D252E32662C726561736F6E3D6F6661
:105BE000666C696E652C74733D256C752C636F75DE
:105BF0006E743D256C75005075626C697368696ED2
:105C0000673A20006C6173745F7061796C6F6164D6
:105C1000207075626C697368656420737563636571
:105C2000737366756C6C79005075626C697368206B
:105C30006661696C65642E205265747279696E675D
:105C4000206F6E20746865206E65787420696E74AC
:105C5000657276616C2E00446576696365206E6FAF
:105C60007420636F6E6E656374656420746F207456
:105C7000686520636C6F75642E005077727361766F
:105C80006500566974616C73204C6F6767696E6755
:105C900000526F7574696E65206F7065726174690A
:105CA0006F6E7300506F7765722053617665204D7B
:105CB0006F646500505752534156453A2043656C16
:105CC0006C756C6172206973206F6E0025732C25D2
:105CD000732C25732C25732C2573004441543400F8
:105CE000505752534156453A205061727469636C63
:105CF0006520697320636F6E6E6563746564005020
:105D00005752534156453A205061727469636C652D
:105D1000206973206E6F7420636F6E6E65637465A7
:105D20006400505752534156453A20536D61727486
:105D300020636F6E6E6563742054727565005057F2
:105D400052534156453A20536D61727420636F6E11
:105D50006E6563742046616C736500505752534101
:105D600056453A2043656C6C756C617220697320EE
:105D70006F6666004251323537393820626174747B
:105D8000657279206368617267657220696E6974F3
:105D900069616C697A65640042513235373938205F
:105DA00062617474657279206368617267657220DC
:105DB000696E6974206661696C656400426174741F
:105DC00065727920766F6C7461676520756E6368A3
:105DD000616E67656420666F7220256C75206D7337
:105DE0002C207265696E697469616C697A696E6785
:105DF00020636861726765722041444300426174A8
:105E00007465727920766F6C746167653A20252E0F
:105E100032665600426174746572792063686172FB
:105E2000676572206E6F7420737461727465642C80
:105E30002063616E6E6F74207265616420766F6C92
:105E4000746167650025642C252E31662C252E3261
:105E5000662C252E316600302C302C300025642C29
:105E600025642C2564004661696C656420746F208C
:105E70007265667265736820425132353739382051
:105E800074656C656D6574727920696E20626174E9
:105E9000746572792064657461696C7320706174D3
:105EA0006800736F633D25642C74656D703D252E0D
:105EB00031662C626174745F763D252E32662C62E9
:105EC0006174745F693D252E31662C6368673D25DA
:105ED000732C6368675F737461743D25752C7662FB
:105EE00075735F737461743D25752C766275733DAF
:105EF000252E32662C696275733D252E31662C760F
:105F00007379733D252E32662C74733D252E3166D0
:105F100000496E707574206D657465722028495350
:105F20004C323830323220402030783430292069E9
:105F30006E697469616C697A6564005653595320BF
:105F40006D65746572202849534C323830323220E6
:105F50004020307834352920696E697469616C6934
:105F60007A656400496E7465726E616C2074656D4B
:105F7000703A207573696E6720425132353739386F
:105F8000206469652074656D7065726174757265F1
:105F90002028696620617661696C61626C65290000
:105FA000252E32662C6E61004661696C6564207432
:105FB0006F207265667265736820425132353739D9
:105FC000382074656C656D6574727920696E207611
:105FD0006974616C7320706174680025752C0061B0
:105FE00063746976652E6373762063726561746588
:105FF00064006163746976652E637376206973202B
:106000006F70656E65642100416374697665206612
:10601000696C652073697A653A2000253032642501
:1060200030326425303264253032640052656E614E
:106030006D65207375636365737366756C6C00467C
:1060400061696C656420746F2072656E616D6500B6
:106050006F70656E696E67206E65772066696C6526
:10606000206661696C6564210046696C6520737700
:1060700069746368207375636365737366756C6CAC
:10608000203A20000A496E697469616C697A696E08
:106090006720534420636172642E2E2E00534420E7
:1060A000696E697469616C697A6174696F6E206682
:1060B00061696C6564000A46696C657320666F757A
:1060C0006E64206F6E20746865206361726420289E
:1060D0006E616D652C206461746520616E6420734F
:1060E000697A6520696E206279746573293A2000A7
:1060F00043617264207375636365737366756C6C5A
:106100007920696E697469616C697A65642E0071C1
:106110007565756520666F6C64657220616C72656B
:1061200061647920657869737473206F722063618C
:106130006E6E6F74206265206372656174656421A0
:1061400000646F6E6520666F6C64657220616C72AE
:106150006561647920657869737473206F72206358
:10616000616E6E6F74206265206372656174656430
:106170002100717565756520666F6C6465722065B8
:10618000786973747300646F6E6520666F6C646504
:106190007220657869737473005265636F7264204E
:1061A000746F2066696C653A004E2E207265636FCD
:1061B000726473207772697474656E20746F2066E0
:1061C000696C65203A2000535749544348494E476B
:1061D0002046494C450025642C25732C25732C251D
:1061E000732C2573002F7175657565007175657564
:1061F000652063616E6E6F74206265206F70656EDE
:10620000656421002F646F6E650073645F696E6959
:10621000743A25642C6163746976653A25642C614F
:1062200063746976655F73697A653A256C752C715C
:10623000756575653A25642C646F6E653A25642C26
:106240007265635F636E743A25752C6C6173745F5D
:1062500077726974655F6D733A256C750020756E91
:1062600061626C6520746F206F70656E00202D2D4B
:106270002D3E20004572726F722066696C65207237
:10628000656D6F76652100416C6C2072656D6F766F
:106290006564210052652D696E7469616C697A6963
:1062A0006E67207468652073642D636172640053A7
:1062B000442072652D696E6974206661696C65643D
:1062C0000044656C6574696E6720616C6C2066695A
:1062D0006C65732E2E2E00416C6C2066696C6573A4
:1062E0002064656C6574656400517565756520662C
:1062F0006F6C646572206372656174656400446FDD
:106300006E6520666F6C646572206372656174658A
:10631000640053642072652D696E697469616C69EB
:106320007A6564004C4953545F5354415254002FD2
:1063300071756575652F002F646F6E652F002F6175
:1063400063746976652E637376004C4953545F45D8
:106350004E440044454C4554455F5354415254000B
:1063600044656C65746564206163746976652E6349
:1063700073760044454C4554455F454E44004649BC
:106380004C455F4552524F523A43616E6E6F7420D6
:106390006F70656E2066696C650046494C455F53B9
:1063A000544152543A0046494C455F454E443A00E8
:1063B000537461727465642064756D70696E6720D2
:1063C00064617461002061726520676F696E672087
:1063D000746F206265207472616E736D6974746588
:1063E00064003132372E302E302E3100436F6E6E06
:1063F000656374696F6E20746F20656E64706F6979
:106400006E742065737461626C69736865640046BC
:10641000696C652072657472696576652066726F55
:106420006D207175657565206661696C65642028ED
:106430006E6F2066696C6520746F2062726F616494
:106440006361737429210044756D70696E672066FD
:10645000696C65203A200053697A653A20005365DB
:106460006E64696E672074686520666F6C6C6F7708
:10647000696E672064617461206F76657220544391
:10648000500054435020626F6479207772697465BC
:1064900020726573756C743A200046696C652063E0
:1064A0006F756C64206E6F74206265206D6F766509
:1064B0006420746F20646F6E6520666F6C64657213
:1064C000210054686520636F6E6E656374696F6E3A
:1064D0002063616E6E6F7420626520657374616203
:1064E0006C697368656400436F6E6669677572698D
:1064F0006E67204932432062757320776974682083
:106500003235362D62797465206275666665722E45
:106510002E2E0049324320636F6E6669677572657F
:10652000640052474220636F6E74726F6C6C6572C8
:10653000206661696C656420746F20626567696EAE
:1065400000436F756C64206E6F7420696E697469A6
:10655000616C697A6520535053333020636F6D6DE1
:10656000756E69636174696F6E206368616E6E65D4
:106570006C2E004465746563746564205350533316
:10658000302E00417474656D7074696E67205350CD
:106590005333302072657365742E2E2E0053505382
:1065A0003330206D6561737572656D656E7420732F
:1065B0007461727465642073756363657373667563
:1065C0006C6C792100436F756C64206E6F7420735E
:1065D00074617274205350533330206D656173754C
:1065E00072656D656E74005350533330206174745E
:1065F000656D7074202564206661696C65642C206B
:106600007265747279696E672E2E2E00436F756CF9
:1066100064206E6F7420737461727420535053330E
:1066200030206166746572203320617474656D700A
:1066300074732E00436F756C64206E6F74207365E5
:106640007420535053333020746F20736C65657021
:106650002E006E612C6E612C6E612C6E612C6E6151
:106660002C6E612C6E612C6E6100424D45323830CB
:1066700020626567696E4932432072657475726E77
:1066800065643A20256400424D4532383020696EF9
:106690006974206661696C656400424D453238302A
:1066A00020696E697469616C697A656400252E31B0
:1066B000662C252E316600424D4532383020666109
:1066C000696C656420666F7220256C75206D732C73
:1066D00020726573657474696E6700626D655F72C0
:1066E00065696E69743A256C752C626D655F7265BB
:1066F0007365743A256C750048494748004C4F57FC
:10670000000A2D2D2D2D2D204144533132353620B8
:10671000414443202D2D2D2D2D0041445331323540
:10672000363A20445244592070696E207374617463
:1067300065206265666F726520696E69743A200033
:1067400041445331323536205374617475733A20A5
:1067500030782530326C5800414453313235363A66
:10676000204E6F20726573706F6E736520286368AA
:1067700065636B20776972696E672F706F776572DA
:10678000290020202D20445244592070696E3A205F
:106790004431360020202D2043532070696E3A206A
:1067A00044340020202D20535049313A204D4F537E
:1067B000492F4D49534F2F53434B004144533132DE
:1067C00035363A20445244592070696E2073746102
:1067D0007465206E6F773A2000414453313235366C
:1067E000205047413A202564004144533132353628
:1067F0002044524154453A2030782530326C5800BC
:10680000414453313235363A20496E697469616CBE
:10681000697A656400252E36662C252E36662C2571
:106820002E36662C252E366600436F756C64206EFE
:106830006F742077616B652075702053505333302F
:106840002E0043656C6C756C6172204D6F64656DD4
:10685000206973206F6666004E756D206F66206D2F
:10686000696E20746F207475726E206F6E20636580
:106870006C6C756C6172203A20005475726E696E92
:10688000672043656C6C756C6172204D6F64656D3B
:10689000204F6E0043656C6C756C6172204D6F64A7
:1068A000656D206973206F6E0043656C6C756C615B
:1068B00072206973206E6F7420636F6E6E656374EF
:1068C000656400547279696E6720746F2072656325
:1068D0006F6E6E656374203A20005475726E696E37
:1068E000672043656C6C756C6172204D6F64656DDB
:1068F000204F66660048656174657220456E61626E
:106900006C656400486561746572204469736162F6
:106910006C65640033563320456E61626C656400BB
:106920003356332044697361626C656400335633B7
:106930002053656E736F7220456E61626C656400F2
:106940003356332053656E736F72204469736162EE
:106950006C6564003356332047505320456E6162A6
:106960006C6564003356332047505320446973618B
:10697000626C6564004F504320456E61626C6564D3
:10698000004F50432044697361626C6564004F504E
:10699000432F355620456E61626C6564004F50434D
:1069A0002F35562044697361626C6564004750530B
:1069B00020416374697661746564004750532044D4
:1069C00065616374697661746564006465666175A8
:1069D0006C7420004D5342004C5342003C535049CC
:1069E00053657474696E67732064656661756C7451
:1069F0003E003C53504953657474696E677320259B
:106A0000732575202573204D4F444525753E0000A4
:106A10000000000000000000B9A60B008BA60B00D0
:106A20008DA60B0000010201030101010401010117
:106A30000101010105526561642072656769737423
:106A4000657220307800203D2030780053746570E6
:106A500020312028534F46545F52455354293A2041
:106A600000736F66747761726552657365743A205E
:106A70004641494C4544206174207374657020314F
:106A80000053746570203220284354524C5F5245A5
:106A900047323D30783830293A2000736F6674777A
:106AA00061726552657365743A204641494C4544AC
:106AB0002061742073746570203200736F66747780
:106AC00061726552657365743A205355434345536B
:106AD00053004B58544A335F444154415F4354522E
:106AE0004C5F5245473A2030780048696768205229
:106AF00065736F6C7574696F6E20736574004B58A5
:106B0000544A335F4354524C5F524547313A203028
:106B10007800436F6E6669677572696E6720494DCC
:106B200055005741524E494E473A205769726520E9
:106B30006E6F7420656E61626C65642100576972C6
:106B40006520616C726561647920656E61626C6557
:106B5000642C20736B697070696E6720696E69744C
:106B60000043616C6C696E6720736F667477617245
:106B7000655265736574282900736F667477617256
:106B80006552657365742072657475726E65643ADA
:106B90002000626567696E2829206661696C6564FA
:106BA00020617420736F66747761726552657365D6
:106BB0007400626567696E2829206661696C656486
:106BC0002061742057484F5F414D5F4920636865DD
:106BD000636B004170706C792073657474696E67C3
:106BE00073004B58544A335F494E545F4354524CE0
:106BF0005F524547313A203078004B58544A335F52
:106C00004354524C5F524547323A203078004B583B
:106C1000544A335F494E545F4354524C5F52454788
:106C2000323A203078004B58544A335F57414B4535
:106C300055505F5448524553484F4C445F483A20A2
:106C40003078004B58544A335F57414B4555505F9D
:106C50005448524553484F4C445F4C3A20307800DA
:106C60004B58544A335F57414B4555505F434F553E
:106C70004E5445523A203078004B58544A335F4EB8
:106C8000415F434F554E5445523A20307800040539
:106C9000060707070707000102031F1C1F1E1F1E10
:106CA0001F1F1E1F1E1F000000000000000000002C
:106CB00013BD0B0051BD0B00FBBC0B0015BD0B0041
:106CC0004FBE0B007DBD0B008FBD0B0045BD0B0003
:106CD000430B0C003BBD0B00696E697469616C6904
:106CE0007A6174696F6E206661696C65642E2054E8
:106CF00068696E677320746F20636865636B3A0020
:106D00002A2069732061206361726420696E736553
:106D1000727465643F002A20697320796F75722050
:106D2000776972696E6720636F72726563743F0082
:106D30002A2064696420796F75206368616E6765D5
:106D400020746865206368697053656C656374209E
:106D500070696E20746F206D6174636820796F753F
:106D60007220736869656C64206F72206D6F647542
:106D70006C653F00436F756C64206E6F74206669AC
:106D80006E642046415431362F46415433322070D0
:106D90006172746974696F6E2E0A4D616B65207340
:106DA00075726520796F7527766520666F726D61E3
:106DB0007474656420746865206361726400436C58
:106DC0007573746572733A202020202020202020C3
:106DD0002000426C6F636B73207820436C75737472
:106DE00065723A202000566F6C756D65207479705D
:106DF000652069733A2020202046415400566F6C6C
:106E0000756D652073697A6520284D62293A2020C6
:106E1000005468697320636172642073686F756CD5
:106E200064206265207265666F726D61747465645A
:106E300020666F72206265737420706572666F726F
:106E40006D616E63652E00557365206120636C75FE
:106E5000737465722073697A65206F6620333220FF
:106E60004B4220666F72206361726473206C6172A2
:106E7000676572207468616E20312047422E004F92
:106E80006E6C79206361726473206C6172676572E5
:106E9000207468616E20322047422073686F756CE1
:106EA0006420626520666F726D617474656420464B
:106EB000415433322E007C3C3E5E2B3D3F2F5B5DC8
:106EC0003B2C2A225C0000000000000000000000B3
:106ED00009CD0B000BCD0B0011D90B00D5090C000F
:106EE00054582F5258206C696E65206E6F74206460
:106EF0006566696E65640A00496E636F72726563E8
:106F000074206279746520556E7374756666696E57
:106F1000672E20476F743A203078253032580A00A7
:106F200054696D654F757420647572696E6720725F
:106F3000656164696E6720627974652025640A0062
:106F4000496E636F7272656374204865616465722F
:106F50002E2045787065637465642030783745204D
:106F6000676F742030783032580A0030782530321C
:106F70005820006C656E6774683A2025640A0A0020
:106F80000A5265636569766520627566666572207A
:106F900066756C6C0A00435243206572726F722EE4
:106FA00020657870656374656420307825303258C8
:106FB0002C20676F74203078253032580A002578ED
:106FC000203A207374617465206572726F720A00D2
:106FD0004932432053656E64696E673A200045521A
:106FE000524F523A2053656E736F72206973206E50
:106FF0006F7420696E206D6561737572656D656E65
:1070000074206D6F64650A00696E737472756374C1
:10701000696F6E206661696C65640A0049324320BD
:10702000435243206572726F723A204578706563EF
:10703000746564203078253032582C2063616C638D
:10704000756C61746564203078253032580A0045CB
:1070500072726F723A204461746120636F756E744E
:1070600065722025640A004572726F723A2052657B
:10707000636569766564204E4F2062797465730A92
:10708000004572726F723A2045787065637465646A
:10709000206279746573203A2025642C2052656340
:1070A00065697665642062797465732025640A00D9
:1070B00043616E206E6F742073657420706F696E0B
:1070C0007465720A004932432052656365697665CA
:1070D000643A20004572726F7220647572696E673F
:1070E0002072656164696E672066726F6D20493237
:1070F000433A203078253032580A002564204E6FFC
:107100007420656E6F756768206279746573206698
:107110006F7220616C6C2076616C7565730A00413A
:1071200073736574547261636B65720000000000D4
:107130000000000005EA0B0019EA0B000000000047
:1071400000000000ADE90B00EDE90B0000000000BD
:10715000000000002FEA0B0031EA0B006170702E76
:1071600075626C6F78004750524D4300474E524D48
:107170004300475047474100474E47474100000002
:107180000000000000000000FBFE0B00F1FE0B0001
:10719000E7FE0B00DDFE0B00D1FE0B00C5FE0B0071
:1071A00005360C000D360C00B9FE0B00B1FE0B00CD
:1071B000A7FE0B009DFE0B0059370C003D360C005E
:1071C00045360C0000081018202830380000000058
:1071D0000000000049010C003F010C0035010C00CB
:1071E0002B010C001F010C0013010C0005360C00D4
:1071F0000D360C0007010C00FF000C00F5000C0020
:10720000EB000C0059370C003D360C0045360C00E5
:10721000776972696E670053797374656D20736C5A
:1072200065657020636F6E66696775726174696FFA
:107230006E20697320696E76616C69642E000000AF
:10724000000000000000000000000000000000003E
:10725000010A0C00030A0C00C1090C0013290C00E0
:10726000626175640053657269616C00536572698F
:10727000616C31004A534F4E53747265616D4C6FAF
:107280006748616E646C6572006170700025303112
:10729000307520005D20002C200028293A20002095
:1072A0005B00636F6465203D2000256900646574A0
:1072B00061696C73203D20000D0A006D006C6E004A
:1072C000666E00636F64650064657461696C0000DC
:1072D000000000000000000019100C0031100C002C
:1072E00095170C0039190C00000000000000000088
:1072F00045100C0059100C0071190C009D0B0C006E
:107300000000000000000000AF0B0C00D50B0C00CB
:10731000F9160C009F0B0C0000000000000000009C
:10732000AD0B0C00E30B0C00810F0C00050C0C00E6
:1073300025592D256D2D25645425483A254D3A258E
:1073400053257A0061736374696D65006E616E0028
:10735000696E66006F7666000000000000000000A5
:10736000891C0C00B11C0C008B1C0C00C11C0C00F7
:10737000F51C0C00211D0C00551D0C00191F0C00E4
:107380008F1C0C00AB1C0C00FCFFFFFF000000007A
:10739000651F0C000000000000000000F1200C0040
:1073A000F7200C0035210C0005210C00F3200C0007
:1073B0000000000000000000C9260C00B9260C00E7
:1073C000BB260C000000000000000000DB270C00C2
:1073D00043280C0019280C00D5090C000B280C00C0
:1073E000DD270C00ED270C003D280C00430B0C00A2
:1073F000FD270C00D5270C007525303478000000DF
:107400000000000000000000532D0C00492D0C006E
:107410003F2D0C00F52C0C00332D0C00272D0C00FB
:1074200005360C000D360C001B2D0C00132D0C0026
:10743000092D0C00FF2C0C0059370C003D360C00B8
:1074400045360C000000000000000000E12D0C009B
:107450004D2E0C00252E0C00D5090C00F52D0C002E
:10746000112E0C00032E0C001F2E0C00430B0C00E1
:10747000E32D0C00E72D0C000000000000000000D0
:10748000C12E0C000B2F0C00E32E0C00C32E0C00A1
:10749000EB2E0C00F32E0C00FB2E0C00032F0C0027
:1074A000430B0C0072656376206572726F72203D2B
:1074B000202564000000000000000000B9300C002E
:1074C000DD300C00BF350C00EB300C00BD300C0083
:1074D0000000000000000000511C0C00691C0C00A2
:1074E00035300C004F300C0055340C0079300C0056
:1074F000D3320C00AD300C00430B0C0065330C0094
:10750000A5310C0001330C0009350C00A1320C0030
:10751000AF300C0061300C00F1300C0085310C00F4
:1075200094DE032070DF0320B4DF0320A8DE0320F5
:107530000000000000000000C5350C00CF350C0035
:10754000D9350C00E3350C00ED350C00F9350C0095
:1075500005360C000D360C0015360C0021360C00DB
:1075600029360C0033360C0059370C003D360C0020
:1075700045360C0000537431395F53705F6D616B99
:10758000655F7368617265645F7461670000000025
:10759000D0750C0075750C0030760C00A4750C00CD
:1075A00054760C004E31305F5F63787861626976A3
:1075B0003131375F5F636C6173735F747970655FDE
:1075C000696E666F450000000000000098750C00B1
:1075D000513A0C00653A0C00F93B0C00F93B0C00E9
:1075E000CF3A0C00113A0C00B73A0C00793A0C0073
:1075F000433A0C0030760C0000760C0098750C00B5
:107600004E31305F5F637878616269763132305F26
:107610005F73695F636C6173735F747970655F69D1
:107620006E666F450000000000000000F4750C005D
:10763000F93A0C000D3B0C00F93B0C00F93B0C0037
:10764000CF3A0C00113A0C00CD3B0C00593B0C001A
:10765000213B0C00D0750C005C760C00537439741F
:107660007970655F696E666F0000000000000000C1
:10767000000000000000304300000000000030C3A4
:107680005245454E54206D616C6C6F632073756379
:10769000636565646564002F6D6E742F776F726B20
:1076A00073706163652F776F726B73706163652FA1
:1076B0004743432D31302D706970656C696E652FBD
:1076C0006A656E6B696E732D4743432D31302D70A3
:1076D0006970656C696E652D34385F3230323031D7
:1076E0003132345F313630363138303634312F7301
:1076F00072632F6E65776C69622F6E65776C696255
:107700002F6C6962632F7374646C69622F72616E8F
:10771000642E630000202020202020202020282804
:107720002828282020202020202020202020202041
:107730002020202020881010101010101010101081
:1077400010101010100404040404040404040410B1
:10775000101010101010414141414141010101013F
:107760000101010101010101010101010101010109
:107770001010101010104242424242420202020215
:1077800002020202020202020202020202020202D9
:107790001010101020000000000000000000000089
:1077A00000000000000000000000000000000000D9
:1077B00000000000000000000000000000000000C9
:1077C00000000000000000000000000000000000B9
:1077D00000000000000000000000000000000000A9
:1077E0000000000000000000000000000000000099
:1077F0000000000000000000000000000000000089
:107800000000000000000000000000000000000078
:107810000000000000000000D1500B0051550B008B
:10782000ED590B0045770B002D850B00D5920B0011
:10783000999E0B0015C40B00EDCC0B00ADE60B00C0
:1078400071EA0B0005FF0B002DFF0B0055010C002A
:10785000C5020C00B1090C0085170C00351C0C008A
:107860007D1C0C00B12D0C0019300C006D370C0084
:0878700024D2FE7F010000009C
:10787800040000001400000003000000474E5500FB
:107888000F55AFC347E27D5308171BDF4F7F7013B7
:04789800BB9104019B
:10789C00020000000000C8400000803F00000040D3
:1078AC00023C7800000080BF0102040810204080D8
:1078BC00FFFFFFFF08730C0020730C0044730C00D7
:1078CC00FF000000C8D303200000000000000000EF
:1078DC00000000000000000000000000000000009C
:1078EC00000000000000000000000000000000008C
:1078FC00000000000000000000000000000000007C
:10790C00000000000000000000000000000000006B
:10791C00000000000000000000000000000000005B
:08792C00000000000000000053
:107934000000000000000000000000000000000043
:0C79440000000000000000000000000037
:1079560000000102030405060708090A0B0C0D0EB8
:107966000F101112131415161718191A1B1C1D1EA9
:047976001F202800A6
:04797A0078563412F5
:04000003B0004020E9
:00000001FF
